"Player","Season","Team","Position","GP","TOI_All","EVO_GAR","EVD_GAR","PPO_GAR","SHD_GAR","Take_GAR","Draw_GAR","Off_GAR","Def_GAR","Pens_GAR","GAR","WAR","SPAR"
"A.J. Greer","24-25","FLA","L",81,777,0.2,0.1,0.2,-0.6,-2.5,0.9,0.4,-0.5,-1.6,-1.7,-0.3,-0.5
"Aaron Ekblad","24-25","FLA","D",56,1316.7,2.4,-3,2.8,-0.6,-1.1,0.7,5.2,-3.6,-0.4,1.2,0.2,0.4
"Aatu Raty","24-25","VAN","C",32,337.9,2.6,0.1,0.1,0,-0.6,0.3,2.7,0.1,-0.3,2.5,0.4,0.8
"Adam Boqvist","24-25","FLA","D",18,231.2,0.7,-3.3,1.3,0,-0.1,-0.2,2,-3.3,-0.4,-1.6,-0.3,-0.5
"Adam Boqvist","24-25","NYI","D",16,242,1.2,0.5,0.5,0,0.1,-0.1,1.7,0.5,0.1,2.2,0.4,0.7
"Adam Edstrom","24-25","NYR","C",51,473,0.8,0.8,0,0,0.2,0.2,0.8,0.8,0.4,1.9,0.3,0.6
"Adam Fantilli","24-25","CBJ","C",81,1414,5.5,-4.1,-2.3,0.4,1.3,1,3.2,-3.7,2.3,1.8,0.3,0.6
"Adam Fox","24-25","NYR","D",73,1698.9,11.3,3.7,1.5,-1.7,0.4,0.8,12.7,2,1.1,15.9,2.6,4.9
"Adam Gaudette","24-25","OTT","R",80,827.2,5.9,1.7,-1.6,-0.1,0.6,-1,4.3,1.6,-0.4,5.5,0.9,1.7
"Adam Henrique","24-25","EDM","C",80,1169.4,1.5,-1.7,0.2,0.4,1.2,-1.7,1.7,-1.3,-0.4,-0.1,0,0
"Adam Klapka","24-25","CGY","R",30,288.6,2.2,1.7,-0.1,0,-0.5,0,2.1,1.7,-0.5,3.3,0.5,1
"Adam Larsson","24-25","SEA","D",82,1737.2,10.6,-3.3,-0.1,-1.3,1,-1.3,10.5,-4.6,-0.3,5.6,0.9,1.7
"Adam Lowry","24-25","WPG","C",72,1113.3,3.1,1.5,0,-1.7,1.7,-0.8,3.1,-0.2,0.9,3.8,0.6,1.2
"Adam Pelech","24-25","NYI","D",60,1267.8,-1.8,10.4,0,-2.6,-0.2,-0.1,-1.8,7.7,-0.3,5.6,0.9,1.7
"Adam Wilsby","24-25","NSH","D",23,416.3,1.4,5,0,1.2,0.2,0.1,1.4,6.2,0.4,8,1.3,2.5
"Adrian Kempe","24-25","L.A","R",81,1551.6,12.4,-0.1,1.1,1.6,0.2,0.6,13.5,1.5,0.8,15.7,2.6,4.9
"Akil Thomas","24-25","L.A","C",24,237.4,-1.5,0.9,0,0,0.1,0,-1.5,0.9,0.1,-0.5,-0.1,-0.1
"Albert Johansson","24-25","DET","D",59,961.5,-2.1,0.7,0,0.3,0.5,0.5,-2,1,1,0,0,0
"Alec Martinez","24-25","CHI","D",44,824,1.3,-4,0.4,0.2,1,-0.8,1.7,-3.8,0.2,-1.9,-0.3,-0.6
"Aleksander Barkov","24-25","FLA","C",67,1357.3,2.1,6.4,3.8,-0.4,1.4,0.2,5.9,6,1.6,13.5,2.2,4.2
"Alex Alexeyev","24-25","WSH","D",7,105.1,0.4,0.3,0,0,0.2,-0.1,0.4,0.4,0.1,0.8,0.1,0.3
"Alex Carrier","24-25","MTL","D",50,1039.6,2.6,4.4,0,0.7,-0.6,-0.3,2.5,5,-0.9,6.7,1.1,2.1
"Alex Carrier","24-25","NSH","D",28,563.6,-1.2,-1.2,0,-0.8,0,1.2,-1.2,-2.1,1.3,-2,-0.3,-0.6
"Alex Debrincat","24-25","DET","R",80,1428.3,8.4,-1.6,4.8,0,0.9,1.8,13.2,-1.6,2.7,14.4,2.4,4.5
"Alex Holtz","24-25","VGK","R",52,601.2,-0.9,-3.1,-0.4,0,0.5,-0.5,-1.3,-3.1,-0.1,-4.5,-0.7,-1.4
"Alex Iafallo","24-25","WPG","L",81,1070.5,6,2.9,3,0.4,1.3,-0.4,9,3.3,0.9,13.2,2.2,4.1
"Alex Kerfoot","24-25","UTA","C",81,1235.5,-1.9,0.5,-1.7,-0.8,0.9,0.8,-3.5,-0.3,1.7,-2.1,-0.4,-0.7
"Alex Killorn","24-25","ANA","L",81,1400.8,6,4,-2.5,2.3,0.1,-0.9,3.5,6.4,-0.8,9.1,1.5,2.8
"Alex Laferriere","24-25","L.A","R",76,1257.4,8.4,2.1,-1.2,0,1.1,-0.3,7.1,2.2,0.8,10.1,1.7,3.2
"Alex Newhook","24-25","MTL","C",81,1228.4,1.5,-0.4,0.7,0,0.4,-0.5,2.1,-0.5,-0.1,1.5,0.3,0.5
"Alex Ovechkin","24-25","WSH","L",64,1137,8.3,-7.3,1.4,0,0.9,-1.4,9.7,-7.3,-0.5,1.9,0.3,0.6
"Alex Petrovic","24-25","DAL","D",5,70.5,-0.6,0.3,0,0,-0.2,-0.1,-0.6,0.3,-0.3,-0.6,-0.1,-0.2
"Alex Pietrangelo","24-25","VGK","D",70,1568.3,2.8,-2.3,-1.8,0.3,1.9,-0.3,0.9,-2,1.6,0.5,0.1,0.2
"Alex Romanov","24-25","NYI","D",64,1427.6,1,0.2,0,1.8,1.3,0.3,1,2,1.6,4.7,0.8,1.5
"Alex Steeves","24-25","TOR","C",7,69.2,0.8,0.5,0,0,0.1,0,0.8,0.5,0.2,1.5,0.2,0.5
"Alex Texier","24-25","STL","C",31,387.1,0.4,-1.6,1.2,0,-0.1,0,1.6,-1.6,-0.1,-0.1,0,0
"Alex Tuch","24-25","BUF","R",81,1564.4,5.3,-0.6,1.1,0.2,0.4,-0.8,6.4,-0.3,-0.4,5.6,0.9,1.7
"Alex Turcotte","24-25","L.A","C",67,783.2,4.1,2.8,-1,0,-0.1,-0.1,3.1,2.8,-0.2,5.7,0.9,1.8
"Alex Vlasic","24-25","CHI","D",82,1907.6,3.2,-0.7,0.9,0.5,2.5,-0.6,4,-0.2,1.9,5.8,1,1.8
"Alex Wennberg","24-25","S.J","C",76,1433.2,3.2,-0.2,0.2,-3.8,1.7,1.2,3.4,-4,2.9,2.3,0.4,0.7
"Alexei Toropchenko","24-25","STL","R",80,999.4,-0.8,2.1,0,0.8,0.5,-0.2,-0.8,2.8,0.2,2.3,0.4,0.7
"Alexis Lafreni√®re","24-25","NYR","L",81,1382.1,7.9,-1.5,0.3,0,0.9,-0.9,8.1,-1.5,0,6.6,1.1,2.1
"Aliaksei Protas","24-25","WSH","C",76,1250.7,15.8,0.3,0.2,1.1,0.7,0.6,16,1.4,1.3,18.7,3.1,5.8
"Anders Lee","24-25","NYI","L",81,1381.4,11.9,-0.8,-1.1,0,0.7,-1.2,10.8,-0.8,-0.5,9.4,1.5,2.9
"Andre Burakovsky","24-25","SEA","L",79,1139.4,3.6,0,-0.4,0,1.2,0.5,3.2,0,1.7,4.9,0.8,1.5
"Andre Lee","24-25","L.A","L",19,173.7,-1.6,0.7,0,0,-0.2,0.4,-1.6,0.7,0.2,-0.6,-0.1,-0.2
"Andreas Athanasiou","24-25","CHI","C",8,80.2,0.9,-1.3,0,0,0,-0.1,0.9,-1.3,-0.2,-0.6,-0.1,-0.2
"Andreas Englund","24-25","L.A","D",11,113.8,-1.6,0.4,0,0.1,0,-0.1,-1.6,0.5,-0.1,-1.2,-0.2,-0.4
"Andreas Englund","24-25","NSH","D",23,332.8,-1.1,0.7,0,0,0.3,-0.1,-1.1,0.7,0.1,-0.3,0,-0.1
"Andrei Kuzmenko","24-25","CGY","L",37,548.3,-1.4,1.5,0.2,0,-0.2,0.6,-1.2,1.5,0.5,0.8,0.1,0.2
"Andrei Kuzmenko","24-25","L.A","L",21,346.5,5.3,1.1,2.3,0,0.3,0.4,7.6,1.1,0.8,9.5,1.6,3
"Andrei Kuzmenko","24-25","PHI","L",7,120,-0.5,-0.2,0.2,0,0.2,0.2,-0.4,-0.2,0.4,-0.1,0,0
"Andrei Svechnikov","24-25","CAR","R",70,1198.3,-1.2,-6.5,1.2,0,-1.4,2.1,0,-6.5,0.6,-5.9,-1,-1.8
"Andrew Copp","24-25","DET","C",56,823.3,2.9,-0.2,-0.5,1.7,1.3,-1,2.5,1.5,0.3,4.3,0.7,1.3
"Andrew Mangiapane","24-25","WSH","L",80,1041.2,-3.6,3.6,0.3,0.3,0.9,0.7,-3.3,3.9,1.5,2.1,0.3,0.7
"Andrew Peeke","24-25","BOS","D",76,1414.7,-3,6.7,-0.1,-1.1,1.9,-1,-3.1,5.6,0.9,3.4,0.6,1.1
"Angus Crookshank","24-25","OTT","L",8,78.7,0.2,0.8,0,0,0.2,0,0.2,0.8,0.2,1.3,0.2,0.4
"Anthony Beauvillier","24-25","PIT","L",63,819.2,3.6,1.5,-0.1,0.3,0.6,1.1,3.5,1.8,1.6,7,1.1,2.2
"Anthony Beauvillier","24-25","WSH","L",17,211.1,1.1,1.9,0,0,0.4,-0.2,1.1,1.9,0.3,3.3,0.5,1
"Anthony Cirelli","24-25","T.B","C",79,1482.5,8.9,6.4,2.3,-3.4,1.7,0.1,11.2,3,1.7,15.8,2.6,4.9
"Anthony Duclair","24-25","NYI","L",44,661.4,-3.9,-2.5,-0.5,0,0.8,0.2,-4.4,-2.5,1,-5.9,-1,-1.8
"Anthony Mantha","24-25","CGY","R",13,180.7,2.1,1.5,-0.2,0,0,-0.3,1.9,1.5,-0.3,3.1,0.5,0.9
"Anthony Richard","24-25","PHI","C",15,185.4,0.6,0.6,-0.2,0,0.4,0,0.4,0.6,0.4,1.4,0.2,0.4
"Anton Lundell","24-25","FLA","C",79,1320.3,6.3,2.2,-0.7,0.5,0.7,0.2,5.7,2.6,0.9,9.2,1.5,2.9
"Anze Kopitar","24-25","L.A","C",80,1519,5.6,-0.7,1.3,-2,3,-0.8,7,-2.7,2.2,6.5,1.1,2
"Arber Xhekaj","24-25","MTL","D",70,1023.7,-3.4,-3.8,0,-1.8,-1.6,0.3,-3.4,-5.5,-1.3,-10.3,-1.7,-3.2
"Arshdeep Bains","24-25","VAN","L",13,136.6,-1.1,-1,-0.2,0,0.3,-0.3,-1.3,-1,0,-2.3,-0.4,-0.7
"Artem Zub","24-25","OTT","D",56,1155.5,-0.5,8,0.1,0,-0.3,0.5,-0.3,7.9,0.2,7.8,1.3,2.4
"Artemi Panarin","24-25","NYR","L",79,1557.8,8.4,-2.6,1.4,0,1.7,-0.9,9.8,-2.6,0.8,7.9,1.3,2.5
"Arthur Kaliyev","24-25","NYR","R",14,156.9,0.9,1.2,-0.1,0,0.2,-0.3,0.9,1.2,-0.1,1.9,0.3,0.6
"Artturi Lehkonen","24-25","COL","L",69,1406.3,11.6,-0.4,-1.1,0.7,-0.6,-0.5,10.5,0.3,-1.1,9.8,1.6,3
"Artyom Levshunov","24-25","CHI","D",18,365.7,-1.9,-2,1,0,0,-0.3,-0.9,-2,-0.4,-3.2,-0.5,-1
"Austin Watson","24-25","DET","L",11,80.9,1.4,-0.8,0,0,0,-0.2,1.4,-0.8,-0.2,0.5,0.1,0.2
"Auston Matthews","24-25","TOR","C",66,1356,9.5,-1.1,1.1,-1.5,1.2,0.5,10.6,-2.6,1.6,9.7,1.6,3
"Barclay Goodrow","24-25","S.J","C",76,1049.3,-6.8,-2.8,-0.7,-1,-1.9,-0.4,-7.5,-3.8,-2.3,-13.6,-2.2,-4.2
"Barrett Hayton","24-25","UTA","C",82,1320.3,3.9,2.3,0.5,1.1,0.1,1,4.4,3.4,1.1,8.9,1.5,2.8
"Beck Malenstyn","24-25","BUF","L",76,800.2,-2,0.8,0,2.2,0.1,1.3,-2,3,1.4,2.4,0.4,0.7
"Ben Chiarot","24-25","DET","D",79,1681.2,-0.8,-3.2,0.1,-1.7,-0.3,0.3,-0.8,-4.9,-0.1,-5.7,-0.9,-1.8
"Ben Hutton","24-25","VGK","D",10,128.6,-1.3,0.7,0,0,0.3,-0.1,-1.3,0.7,0.1,-0.4,-0.1,-0.1
"Ben Jones","24-25","MIN","C",26,217.9,-1.2,-0.1,0,0,0.5,-0.1,-1.2,-0.1,0.4,-0.9,-0.1,-0.3
"Ben Meyers","24-25","SEA","C",8,66.8,-1,-0.5,0,0,-0.1,-0.1,-1,-0.5,-0.2,-1.6,-0.3,-0.5
"Blake Coleman","24-25","CGY","C/L",81,1433.3,1.2,1.3,-0.3,-1.5,-0.9,-0.6,0.9,-0.2,-1.5,-0.8,-0.1,-0.2
"Blake Lizotte","24-25","PIT","C",59,750.6,2.9,0.8,0,0.8,-0.6,-0.8,3,1.6,-1.5,3.1,0.5,1
"Bo Horvat","24-25","NYI","C",80,1616.3,7.6,-2.6,-0.7,-2.1,1.9,-1,6.8,-4.7,0.9,3,0.5,0.9
"Bobby Brink","24-25","PHI","R",78,1154.9,7.1,0.2,-0.6,0,0.3,-0.4,6.5,0.2,-0.1,6.6,1.1,2
"Bobby McMann","24-25","TOR","C",73,1057.1,8.6,-0.4,1.2,0,0.4,-0.3,9.8,-0.4,0.2,9.6,1.6,3
"Bokondji Imama","24-25","PIT","L",16,90.7,1.2,0.4,0,0,-0.2,-0.2,1.2,0.4,-0.4,1.2,0.2,0.4
"Boone Jenner","24-25","CBJ","C",25,452.4,5.6,-1.9,0.3,-1,0.6,0.4,5.9,-2.8,0.9,4,0.7,1.2
"Bowen Byram","24-25","BUF","D",81,1841.6,8.2,0.4,-1.4,-0.9,0.4,0.1,6.8,-0.5,0.5,6.9,1.1,2.1
"Brad Lambert","24-25","WPG","C",5,58,-0.5,0.1,-0.1,0,-0.1,-0.1,-0.6,0.1,-0.2,-0.6,-0.1,-0.2
"Brad Marchand","24-25","BOS","L",61,1125.7,2.8,-4.4,0.4,3.1,-1.1,2.4,3.2,-1.3,1.3,3.2,0.5,1
"Brad Marchand","24-25","FLA","L",10,176.2,0.1,-1.6,-0.9,0.1,0.2,-0.1,-0.8,-1.5,0.1,-2.2,-0.4,-0.7
"Braden Schneider","24-25","NYR","D",80,1429.3,2.1,0.6,0,2.2,1.5,-0.3,2.1,2.8,1.2,6.1,1,1.9
"Brady Skjei","24-25","NSH","D",81,1773.6,0,-10.1,1.8,0.1,-0.6,0.4,1.8,-10,-0.1,-8.3,-1.4,-2.6
"Brady Tkachuk","24-25","OTT","L",71,1302.5,5.3,3,2.5,0,-1.7,0.9,7.8,3,-0.8,10,1.6,3.1
"Brandon Carlo","24-25","BOS","D",63,1183.5,-2,-0.3,0,0.6,0.7,-0.4,-2.1,0.3,0.3,-1.5,-0.2,-0.5
"Brandon Carlo","24-25","TOR","D",19,365.7,0.6,3.5,0,-0.5,0,-0.3,0.6,3.1,-0.3,3.3,0.5,1
"Brandon Duhaime","24-25","WSH","R",81,1082.6,0.8,0.5,0,0,0.4,0,0.8,0.5,0.4,1.7,0.3,0.5
"Brandon Hagel","24-25","T.B","L",81,1686.3,10.6,3.5,2.3,-1.8,0.5,1.1,12.9,1.7,1.6,16.2,2.7,5
"Brandon Montour","24-25","SEA","D",81,1861.1,-0.6,-0.8,1.2,0.4,-1.1,0.9,0.6,-0.4,-0.1,0,0,0
"Brandon Saad","24-25","STL","L",43,627.7,-1.5,-0.9,0.8,0.2,0.8,-0.3,-0.7,-0.7,0.5,-0.9,-0.1,-0.3
"Brandon Saad","24-25","VGK","L",29,439.2,3.4,2.4,0.1,0.1,0.9,0.2,3.6,2.5,1.1,7.1,1.2,2.2
"Brandon Tanev","24-25","SEA","L",60,836.4,-2.7,-3.4,0,-1.4,1,0.6,-2.7,-4.9,1.6,-6,-1,-1.9
"Brandon Tanev","24-25","WPG","L",18,194.5,0.3,1.8,0,0.3,0,-0.4,0.3,2.1,-0.3,2.1,0.3,0.6
"Brandt Clarke","24-25","L.A","D",77,1250.4,9.5,-2.3,-0.4,0,-0.8,0.7,9.1,-2.3,-0.2,6.6,1.1,2.1
"Brayden McNabb","24-25","VGK","D",81,1632.2,4.6,5.3,0,2.1,0,-0.5,4.6,7.4,-0.4,11.6,1.9,3.6
"Brayden Pachal","24-25","CGY","D",75,1066.8,1.4,-2.6,0,-0.5,-1.6,0.5,1.4,-3.1,-1.1,-2.8,-0.5,-0.9
"Brayden Point","24-25","T.B","C",76,1487.1,13.5,-3.1,4.8,0,2.9,-0.6,18.3,-3.1,2.3,17.5,2.9,5.4
"Brayden Schenn","24-25","STL","C",82,1440,8.3,0.7,-0.4,-0.8,0.3,-1.6,7.9,-0.2,-1.3,6.4,1.1,2
"Brendan Brisson","24-25","VGK","C",9,88.8,-0.1,-0.8,0,0,0.2,-0.2,-0.1,-0.8,0,-0.9,-0.1,-0.3
"Brendan Gallagher","24-25","MTL","R",81,1123.8,4.5,-0.1,0,0,0.4,0.1,4.5,-0.1,0.4,4.8,0.8,1.5
"Brendan Gaunce","24-25","MIN","C",12,116.3,-1.6,-0.8,0,0,-0.1,-0.2,-1.6,-0.8,-0.4,-2.8,-0.5,-0.9
"Brendan Smith","24-25","DAL","D",31,407.2,-1.1,-1.1,0,0.3,-0.5,1.1,-1.1,-0.7,0.6,-1.2,-0.2,-0.4
"Brenden Dillon","24-25","N.J","D",81,1501.9,5.5,-3.3,0,-3.2,-0.8,-0.5,5.5,-6.4,-1.2,-2.1,-0.3,-0.7
"Brennan Othmann","24-25","NYR","L",21,207.8,2.7,0.5,-0.1,0,0.2,0.4,2.7,0.5,0.6,3.8,0.6,1.2
"Brent Burns","24-25","CAR","D",80,1702.5,6.5,-4.4,-2.7,1.8,0.4,-0.7,3.8,-2.6,-0.3,0.9,0.2,0.3
"Brett Berard","24-25","NYR","L",35,375,0,-3.1,0,0,0.1,0.6,-0.1,-3.1,0.7,-2.5,-0.4,-0.8
"Brett Howden","24-25","VGK","C",79,1169.8,5.5,-1.1,0,-0.7,0.1,0.1,5.6,-1.8,0.2,3.9,0.6,1.2
"Brett Kulak","24-25","EDM","D",81,1656,-2.3,4.1,0,0.6,1.6,-0.9,-2.3,4.8,0.8,3.2,0.5,1
"Brett Leason","24-25","ANA","R",61,794.4,2.7,-1.5,1,0.6,-0.5,-1,3.8,-0.9,-1.5,1.4,0.2,0.4
"Brett Pesce","24-25","N.J","D",72,1535,-3.1,3.1,-0.1,0.3,1.4,1,-3.2,3.3,2.4,2.6,0.4,0.8
"Brian Dumoulin","24-25","ANA","D",61,1207.3,-1.4,0.7,0,-0.9,1.7,0.7,-1.4,-0.2,2.4,0.7,0.1,0.2
"Brian Dumoulin","24-25","N.J","D",18,329.9,1,-0.6,0,-0.8,0.3,0,1,-1.5,0.3,-0.1,0,0
"Brock Boeser","24-25","VAN","R",74,1346.2,0.8,-2.3,2.8,0,1.7,-1.4,3.6,-2.3,0.3,1.7,0.3,0.5
"Brock Faber","24-25","MIN","D",78,1991,-5.4,-6,1.2,-2,2.2,-0.6,-4.3,-8,1.6,-10.6,-1.7,-3.3
"Brock McGinn","24-25","ANA","L",26,304.4,2.4,-0.3,0,-0.3,0.6,0.7,2.4,-0.6,1.3,3.1,0.5,0.9
"Brock Nelson","24-25","COL","C",19,332.4,1,1.1,0.4,0,0.3,-0.5,1.4,1.1,-0.2,2.3,0.4,0.7
"Brock Nelson","24-25","NYI","C",61,1180.7,7.9,-1.7,-0.7,-0.6,1.8,0.5,7.2,-2.4,2.2,7,1.2,2.2
"Bryan Rust","24-25","PIT","R",70,1384.7,9.4,-7.5,0,-1.6,1.4,-1,9.4,-9.1,0.4,0.7,0.1,0.2
"Cale Fleury","24-25","SEA","D",14,180.1,-0.3,2.2,0,0.2,0.4,0,-0.4,2.4,0.4,2.4,0.4,0.8
"Cale Makar","24-25","COL","D",80,2057.3,7,-0.4,2.4,-0.4,2.6,3.8,9.4,-0.9,6.3,14.9,2.4,4.6
"Caleb Jones","24-25","L.A","D",6,75.4,-1.2,0.4,0,0,0,0.1,-1.2,0.5,0.1,-0.7,-0.1,-0.2
"Callahan Burke","24-25","VGK","C",7,75.9,0.8,-1,0,0,0,-0.1,0.8,-1,-0.2,-0.4,-0.1,-0.1
"Calle Jarnkrok","24-25","TOR","C",18,236.1,-0.7,0.1,0.1,0.3,0.3,-0.3,-0.6,0.4,0,-0.2,0,-0.1
"Calum Ritchie","24-25","COL","C",7,89.5,-1,-0.3,0,0,0.2,-0.2,-1,-0.3,0,-1.3,-0.2,-0.4
"Calvin De Haan","24-25","COL","D",44,656.2,-1,1.9,0,0.5,0.1,0,-1,2.4,0.1,1.6,0.3,0.5
"Cam Atkinson","24-25","T.B","R",38,334,2.1,-3.2,-0.9,0,0.4,-0.1,1.3,-3.2,0.3,-1.7,-0.3,-0.5
"Cam Fowler","24-25","ANA","D",17,358,-1.4,-4.3,-0.1,-2.9,0.1,-0.1,-1.5,-7.2,-0.1,-8.7,-1.4,-2.7
"Cam Fowler","24-25","STL","D",51,1106.9,10.8,5.5,2.8,-1.7,1.6,-1.1,13.6,3.9,0.6,18,3,5.6
"Cam Lund","24-25","S.J","C",10,113.6,1,-1.9,0,0,-0.1,0,1,-1.9,-0.2,-1,-0.2,-0.3
"Cam York","24-25","PHI","D",65,1352.3,-0.4,6,-0.2,-1.5,0.4,-0.3,-0.6,4.5,0.1,4,0.7,1.3
"Carl Grundstrom","24-25","S.J","R",55,526,-0.3,1.2,0,-0.4,-0.8,-0.3,-0.3,0.7,-1.1,-0.6,-0.1,-0.2
"Carson Soucy","24-25","NYR","D",16,259.7,-0.4,1.5,0,0,0.2,-0.2,-0.4,1.5,0,1,0.2,0.3
"Carson Soucy","24-25","VAN","D",59,1084,-3.6,0.6,-0.4,-3.5,-0.3,-0.6,-3.9,-2.9,-0.9,-7.8,-1.3,-2.4
"Carter Verhaeghe","24-25","FLA","C",81,1447.4,4.2,-0.9,2.3,0,-0.4,-0.6,6.6,-0.9,-1,4.7,0.8,1.5
"Casey Cizikas","24-25","NYI","C",81,1053.7,-3.9,1.8,0,2.5,0,1.2,-3.9,4.3,1.2,1.6,0.3,0.5
"Casey Mittelstadt","24-25","BOS","C",18,311.2,-1.8,-1.7,-0.3,0,0.3,-0.6,-2.1,-1.7,-0.3,-4.1,-0.7,-1.3
"Casey Mittelstadt","24-25","COL","C",63,1071,5.5,-1.3,3,0,0.4,-0.8,8.5,-1.3,-0.5,6.7,1.1,2.1
"Chad Ruhwedel","24-25","NYR","D",5,70.5,0.6,-0.7,0,-0.1,0.1,-0.1,0.6,-0.8,0.1,-0.1,0,0
"Chandler Stephenson","24-25","SEA","C",78,1521.7,5.6,-6.2,4,-2.8,1,0.1,9.5,-9,1.1,1.7,0.3,0.5
"Charlie Coyle","24-25","BOS","C",64,1129.2,0.3,-1.3,-0.5,-1.3,0.9,0.2,-0.2,-2.6,1.1,-1.7,-0.3,-0.5
"Charlie Coyle","24-25","COL","C",19,281.3,3.6,1,1.7,1.1,0,-0.3,5.3,2.2,-0.3,7.2,1.2,2.2
"Charlie McAvoy","24-25","BOS","D",50,1184.8,2.6,0.5,-3.6,1.6,-1.3,0.7,-1,2.1,-0.6,0.5,0.1,0.2
"Chris Kreider","24-25","NYR","L",67,1124.7,1,-0.8,0.5,0.1,0.3,-1.4,1.5,-0.7,-1.1,-0.3,0,-0.1
"Chris Tanev","24-25","TOR","D",74,1465.1,1.4,10.1,0,1.9,1.3,0.2,1.4,12.1,1.4,14.9,2.4,4.6
"Chris Wagner","24-25","COL","R",28,198.7,-2.5,-1.9,0,0.6,0.4,0,-2.5,-1.3,0.4,-3.4,-0.6,-1.1
"Christian Dvorak","24-25","MTL","C",81,1233.2,1.2,1.1,0.8,0.3,0.8,-0.3,2,1.4,0.5,3.9,0.6,1.2
"Christian Fischer","24-25","DET","R",45,501.6,-1.2,-3.1,0,-1.9,0.4,0.5,-1.1,-5,0.9,-5.3,-0.9,-1.6
"Claude Giroux","24-25","OTT","R",80,1461.5,1.9,0.5,2.4,0.6,1,-0.3,4.3,1,0.7,6,1,1.9
"Clayton Keller","24-25","UTA","R",81,1548.6,6.3,0,4.4,0,0.7,3.1,10.7,0,3.8,14.5,2.4,4.5
"Cody Ceci","24-25","DAL","D",30,607.4,4.7,-0.4,0,-1.4,0.5,0.4,4.7,-1.8,0.8,3.7,0.6,1.1
"Cody Ceci","24-25","S.J","D",54,1175.7,1.7,-8.5,-0.1,-2.5,0.8,-0.2,1.6,-11,0.6,-8.8,-1.4,-2.7
"Cody Glass","24-25","N.J","C",13,186.8,2.2,1.3,0,-0.3,0.2,-0.3,2.2,1,-0.2,3.1,0.5,1
"Cody Glass","24-25","PIT","C",51,684,1.5,4.4,0.2,0.2,0.5,-0.2,1.7,4.6,0.3,6.7,1.1,2.1
"Cole Caufield","24-25","MTL","R",81,1466.8,11.3,-6.8,2.5,0,1.8,1.1,13.7,-6.8,2.9,9.9,1.6,3.1
"Cole Koepke","24-25","BOS","L",73,820.9,2.7,2.8,0,-1.1,0.7,-0.1,2.6,1.7,0.6,4.9,0.8,1.5
"Cole Perfetti","24-25","WPG","C",81,1226.2,1.5,1.6,2.5,0,0.8,-0.5,4,1.6,0.3,5.9,1,1.8
"Cole Reinhardt","24-25","OTT","L",17,139.4,0.2,-0.9,0,0,-0.5,-0.3,0.2,-0.9,-0.7,-1.4,-0.2,-0.4
"Cole Schwindt","24-25","VGK","R",41,378.6,1.1,0.2,0,0.3,0.8,0.8,1.1,0.5,1.6,3.2,0.5,1
"Cole Sillinger","24-25","CBJ","C",65,1101.2,0.7,-3,0.6,-1.9,0.1,-0.6,1.3,-4.9,-0.5,-4,-0.7,-1.2
"Cole Smith","24-25","NSH","L/R",70,950,0.2,1.2,0,-0.4,0,0.1,0.2,0.8,0.1,1.1,0.2,0.3
"Colin Blackwell","24-25","DAL","C",63,728.5,2.3,1.6,0,0,0,0.9,2.3,1.5,0.9,4.6,0.8,1.4
"Colin Miller","24-25","WPG","D",60,871.1,-2.3,6,-0.4,0.1,0,0.9,-2.7,6.1,0.9,4.3,0.7,1.3
"Collin Graf","24-25","S.J","R",33,523.4,1.5,-0.5,0.8,0.2,0.4,-0.6,2.2,-0.3,-0.3,1.7,0.3,0.5
"Colton Dach","24-25","CHI","C",25,303.2,2.3,-1.4,-0.3,0,-0.3,0.4,2,-1.4,0.1,0.7,0.1,0.2
"Colton Parayko","24-25","STL","D",64,1520.2,6.9,3.5,-1.5,-1.3,2.3,-0.5,5.4,2.2,1.8,9.4,1.5,2.9
"Colton Sissons","24-25","NSH","C",72,1033.8,0.5,3.7,-0.4,-2.9,-0.1,-0.7,0.1,0.7,-0.8,0,0,0
"Connor Bedard","24-25","CHI","C",82,1663.4,4,-5.6,4,0,-0.9,0.1,8,-5.5,-0.8,1.7,0.3,0.5
"Connor Brown","24-25","EDM","R",81,1132.3,2.7,2.1,0.5,0.7,1.4,-1.5,3.2,2.8,-0.1,5.9,1,1.8
"Connor Clifton","24-25","BUF","D",72,1151.2,1.3,-0.7,0,2.3,-1.1,0.4,1.3,1.6,-0.7,2.1,0.4,0.7
"Connor Dewar","24-25","PIT","C",16,230.5,0.8,0.8,0,-0.5,0.3,-0.1,0.8,0.2,0.2,1.2,0.2,0.4
"Connor Dewar","24-25","TOR","C",31,309.1,-2.7,-2.1,0,0.1,0.6,0.1,-2.7,-2,0.8,-4,-0.7,-1.2
"Connor McDavid","24-25","EDM","C",66,1458.6,17.7,0.7,3.5,0.1,0.9,1.5,21.2,0.7,2.5,24.4,4,7.6
"Connor McMichael","24-25","WSH","C",81,1363.5,10.9,-4.3,-0.6,-1,0.6,-1.4,10.3,-5.3,-0.8,4.2,0.7,1.3
"Connor Murphy","24-25","CHI","D",68,1401.8,-0.3,4.2,0,-0.9,-0.2,0.7,-0.3,3.3,0.4,3.5,0.6,1.1
"Connor Zary","24-25","CGY","C",54,868,-1.9,0.3,-1.2,0,0.5,0.2,-3.1,0.3,0.7,-2.1,-0.3,-0.6
"Conor Garland","24-25","VAN","R",80,1496.2,-4.9,6.6,4.2,0.3,1.4,1.3,-0.7,6.8,2.7,8.8,1.4,2.7
"Conor Geekie","24-25","T.B","C",51,622.5,0.2,0,-0.6,0,0.2,0.8,-0.4,0,1.1,0.6,0.1,0.2
"Conor Sheary","24-25","T.B","L",5,56.7,-0.5,0.2,0,0,-0.1,0.1,-0.5,0.2,0,-0.3,0,-0.1
"Conor Timmins","24-25","PIT","D",16,297.4,2.8,-0.3,0,1,0.1,0.1,2.8,0.7,0.1,3.7,0.6,1.1
"Conor Timmins","24-25","TOR","D",51,832.4,-2.3,1.8,-0.4,-0.5,-0.3,-0.1,-2.7,1.3,-0.4,-1.9,-0.3,-0.6
"Corey Perry","24-25","EDM","R",80,949.3,5,-0.9,2,0,0.3,0.9,7.1,-0.9,1.2,7.3,1.2,2.3
"Corey Schueneman","24-25","STL","D",4,56.2,-0.8,0.6,0,0,0.1,-0.1,-0.8,0.6,0.1,-0.1,0,0
"Craig Smith","24-25","CHI","C",40,466.2,4.1,-4.2,1.4,0,-0.3,-0.1,5.5,-4.2,-0.4,0.9,0.2,0.3
"Craig Smith","24-25","DET","C",17,179.8,1.1,-1.1,0,0,-0.2,-0.3,1.1,-1.1,-0.5,-0.5,-0.1,-0.2
"Curtis Lazar","24-25","N.J","C",47,497.4,-2.4,-0.8,0,-1.6,-0.2,0.3,-2.4,-2.4,0.1,-4.8,-0.8,-1.5
"Cutter Gauthier","24-25","ANA","L",81,1144,12.6,-1.8,-0.8,0.1,0.7,0.3,11.8,-1.7,1,11.1,1.8,3.4
"Dakota Joshua","24-25","VAN","C",56,724.9,-2.5,-0.9,0.1,0.2,0.8,-0.8,-2.3,-0.7,0,-3,-0.5,-0.9
"Damon Severson","24-25","CBJ","D",70,1333.8,5.4,-1.2,-0.7,1.7,-1.1,0.3,4.7,0.6,-0.7,4.5,0.7,1.4
"Daniel Sprong","24-25","N.J","R",10,119.4,1.1,0.8,-0.2,0,0.2,-0.2,0.9,0.8,0,1.8,0.3,0.6
"Daniel Sprong","24-25","SEA","R",10,123.7,0.3,0,-0.8,0,0.3,0.1,-0.4,0,0.4,-0.1,0,0
"Daniel Sprong","24-25","VAN","R",9,104.9,-0.2,0.4,-0.2,0,0,-0.2,-0.4,0.4,-0.2,-0.1,0,0
"Daniil Miromanov","24-25","CGY","D",43,757.9,-0.6,0,0.3,0.2,0.4,-0.4,-0.3,0.2,0.1,0,0,0
"Danil Gushchin","24-25","S.J","L",11,133.6,-0.7,0.5,0.3,0,-0.3,0.1,-0.4,0.5,-0.2,0,0,0
"Dante Fabbro","24-25","CBJ","D",61,1322,3.7,5.9,0,-0.3,-0.7,0.6,3.7,5.6,-0.1,9.1,1.5,2.8
"Dante Fabbro","24-25","NSH","D",6,78.6,-0.4,-0.6,0,0,0.2,-0.1,-0.4,-0.6,0.1,-0.9,-0.1,-0.3
"Danton Heinen","24-25","PIT","L",27,334.6,1.8,-1.7,-0.4,0,0.7,-0.4,1.3,-1.7,0.2,-0.1,0,0
"Danton Heinen","24-25","VAN","L",51,711.1,2.6,-0.2,-0.5,-0.8,0.2,-0.4,2.1,-1,-0.2,0.9,0.1,0.3
"Darnell Nurse","24-25","EDM","D",76,1700.2,8.4,-2.7,-0.3,-2.9,-0.4,0,8.2,-5.5,-0.5,2.2,0.4,0.7
"Darren Raddysh","24-25","T.B","D",72,1242.8,6.5,1.9,1.6,-0.1,1.4,-0.3,8.2,1.8,1.2,11.2,1.8,3.5
"David Gustafsson","24-25","WPG","C",35,313,3.7,3,0,0.1,0.4,-0.4,3.7,3.1,0,6.8,1.1,2.1
"David Jiricek","24-25","CBJ","D",6,67.2,-0.4,0.7,0,0,0,0.1,-0.4,0.7,0.1,0.3,0.1,0.1
"David Jiricek","24-25","MIN","D",6,78.2,0.5,-0.4,-0.1,0,0,-0.1,0.4,-0.4,-0.1,0,0,0
"David Kampf","24-25","TOR","C",59,731.2,-0.4,2.3,0,0.9,0.3,-0.1,-0.4,3.2,0.2,3,0.5,0.9
"David Pastrnak","24-25","BOS","R",82,1655.3,19.1,0.7,0.9,0,-0.6,3.5,20,0.7,2.9,23.6,3.9,7.3
"David Perron","24-25","OTT","L",42,588.9,2,-0.8,1.2,0,0.1,-0.3,3.1,-0.8,-0.2,2.1,0.3,0.7
"David Savard","24-25","MTL","D",74,1233.1,-2.9,-4.7,0,-1.3,0.6,0.1,-2.9,-6,0.7,-8.2,-1.3,-2.6
"Dawson Mercer","24-25","N.J","C",81,1444.7,1.7,1.4,3.6,0,1.5,-1.6,5.3,1.3,0,6.6,1.1,2.1
"Declan Chisholm","24-25","MIN","D",66,1121.5,-2.4,6.4,1,0.4,1.2,-0.9,-1.4,6.8,0.3,5.7,0.9,1.8
"Dennis Cholowski","24-25","N.J","D",5,73.5,-1.8,0.2,0,0,0.1,-0.1,-1.8,0.2,0.1,-1.5,-0.2,-0.5
"Dennis Cholowski","24-25","NYI","D",33,422.2,2.1,1.1,-0.2,0,-0.1,-0.4,1.9,1.1,-0.5,2.5,0.4,0.8
"Dennis Gilbert","24-25","BUF","D",25,251.8,1.1,-0.2,0,0,-0.4,-0.2,1.1,-0.2,-0.6,0.2,0,0.1
"Denton Mateychuk","24-25","CBJ","D",44,793.5,2.4,1.2,0.1,0.3,0,0.4,2.6,1.5,0.3,4.4,0.7,1.4
"Derek Forbort","24-25","VAN","D",54,923.6,-5.1,4.5,0,2.3,0.3,-0.1,-5.1,6.8,0.2,1.9,0.3,0.6
"Derek Ryan","24-25","EDM","C",36,336.8,-0.4,0.7,0,0.1,-0.4,-0.3,-0.4,0.8,-0.7,-0.3,-0.1,-0.1
"Devin Shore","24-25","MIN","C",55,475.9,-2.1,-1.7,0,-0.1,0.5,-0.2,-2.1,-1.8,0.3,-3.6,-0.6,-1.1
"Devon Toews","24-25","COL","D",76,1868.8,2.9,-1,0.7,0.6,1.5,0.2,3.6,-0.4,1.7,4.8,0.8,1.5
"Dmitri Voronkov","24-25","CBJ","L",72,1212.9,10.1,-3.8,0.9,0,0.2,-1.5,11,-3.8,-1.3,5.9,1,1.8
"Dmitry Kulikov","24-25","FLA","D",70,1348.8,0.2,0.8,0.2,-1.7,0.4,0.3,0.4,-0.9,0.7,0.2,0,0.1
"Dmitry Orlov","24-25","CAR","D",74,1479.1,1.6,0.5,0,-3.2,1.1,0.8,1.7,-2.8,1.9,0.8,0.1,0.2
"Dominik Shine","24-25","DET","R",9,77.8,0.6,0.1,0,0,0.2,0.2,0.6,0.1,0.4,1,0.2,0.3
"Dougie Hamilton","24-25","N.J","D",63,1247.1,12,-5.4,3.1,0.7,0.4,-0.5,15.1,-4.7,0,10.3,1.7,3.2
"Drake Batherson","24-25","OTT","R",81,1467.8,1.1,-1.2,3.8,0,1.3,1,4.9,-1.2,2.3,6,1,1.9
"Drake Caggiula","24-25","EDM","L",7,51.1,0.3,-0.7,0,0,0.1,0.1,0.3,-0.7,0.2,-0.2,0,-0.1
"Drew Doughty","24-25","L.A","D",29,701.6,1.8,0.1,-0.7,-0.1,-0.5,-0.7,1.1,0,-1.2,0,0,0
"Drew Helleson","24-25","ANA","D",55,896.6,2.8,-0.4,0,0,-1.3,-0.4,2.8,-0.5,-1.7,0.6,0.1,0.2
"Drew O'Connor","24-25","PIT","L",53,774.9,-1.7,-2.8,0.4,-0.3,0.5,0.5,-1.2,-3.1,0.9,-3.4,-0.6,-1.1
"Drew O'Connor","24-25","VAN","L",30,424,-0.3,-0.6,0,-0.3,-0.6,0.3,-0.4,-1,-0.3,-1.6,-0.3,-0.5
"Dylan Coghlan","24-25","WPG","D",6,92.1,-0.4,-0.1,0,0,-0.2,-0.1,-0.4,-0.1,-0.3,-0.8,-0.1,-0.2
"Dylan Cozens","24-25","BUF","C",61,1050.3,4.5,-2.8,-1.1,0,-0.4,-1.3,3.3,-2.9,-1.6,-1.2,-0.2,-0.4
"Dylan Cozens","24-25","OTT","C",20,330.8,1.9,-2,0.3,0.1,0.1,0.1,2.3,-1.9,0.2,0.6,0.1,0.2
"Dylan Demelo","24-25","WPG","D",81,1745.8,5.2,6.1,0.1,-1.4,0.1,0.4,5.3,4.8,0.5,10.5,1.7,3.3
"Dylan Guenther","24-25","UTA","R",70,1189.8,5.4,-3,4,0.3,0.7,-0.2,9.4,-2.7,0.5,7.2,1.2,2.2
"Dylan Holloway","24-25","STL","L",77,1295.2,11.2,4.3,3.1,0.2,1.9,-0.2,14.4,4.5,1.7,20.6,3.4,6.4
"Dylan Larkin","24-25","DET","C",80,1609.3,5.8,0.6,4.5,0.4,0.6,1.7,10.3,1.1,2.3,13.7,2.2,4.2
"Dylan McIlrath","24-25","WSH","D",16,178.2,-0.8,-0.6,0,0,-0.2,0,-0.8,-0.6,-0.1,-1.5,-0.3,-0.5
"Dylan Samberg","24-25","WPG","D",59,1250.1,10.9,3.7,0.1,2.4,1.2,-0.5,11,6.1,0.7,17.8,2.9,5.5
"Dylan Strome","24-25","WSH","C",81,1412.3,4.1,-7.7,4.7,0,0.8,-0.1,8.9,-7.8,0.7,1.8,0.3,0.6
"Eeli Tolvanen","24-25","SEA","R",81,1159.9,1.7,1.5,0.2,1.5,0.9,0,1.9,3,0.9,5.7,0.9,1.8
"Eetu Luostarinen","24-25","FLA","C",80,1223.1,-2.2,1.8,-0.3,0.7,0,0,-2.5,2.5,-0.1,0,0,0
"Egor Zamula","24-25","PHI","D",62,1023.9,0.3,3.7,-0.3,1,1.5,-0.6,0,4.8,0.9,5.6,0.9,1.7
"Elias Lindholm","24-25","BOS","C",82,1481.6,8.5,1.7,1,-0.8,2.3,-1.5,9.5,0.9,0.8,11.3,1.9,3.5
"Elias Pettersson","24-25","VAN","C",64,1194.3,1.8,3.9,3.1,-0.6,1.4,2.1,4.9,3.3,3.5,11.7,1.9,3.6
"Elias Pettersson (D)","24-25","VAN","D",27,344.1,-5,-0.6,0,0.1,0.2,0.8,-5,-0.5,0.9,-4.7,-0.8,-1.4
"Elmer Soderblom","24-25","DET","L",26,347.6,3.9,-2.6,0.3,0,0.2,-0.1,4.2,-2.6,0.1,1.7,0.3,0.5
"Emil Andrae","24-25","PHI","D",41,712.9,0.8,3,-0.2,-0.1,0.3,-0.5,0.7,2.8,-0.2,3.3,0.5,1
"Emil Bemstrom","24-25","PIT","C",14,116.6,-1.6,1.1,0,0,0.2,0,-1.6,1.1,0.2,-0.3,-0.1,-0.1
"Emil Heineman","24-25","MTL","L",61,694.3,1.6,4,-0.2,0,-0.2,-0.9,1.4,4,-1.1,4.3,0.7,1.3
"Emil Martinsen Lilleberg","24-25","T.B","D",75,1143.1,-1.9,4.4,0,-0.4,-2.1,0,-1.9,4,-2.1,-0.1,0,0
"Eric Robinson","24-25","CAR","L",80,969.7,10.2,-0.9,0,0.6,1.1,-0.2,10.2,-0.3,0.9,10.8,1.8,3.4
"Erik Brannstrom","24-25","VAN","D",28,418.2,0,0.3,0.2,0.1,-0.1,0.5,0.2,0.4,0.4,1.1,0.2,0.3
"Erik Cernak","24-25","T.B","D",75,1373.9,-0.3,0,0,0.9,-0.6,0.9,-0.2,0.9,0.3,1,0.2,0.3
"Erik Gudbranson","24-25","CBJ","D",15,265.4,3.9,-1.5,0,0,0,-0.1,3.9,-1.5,0,2.4,0.4,0.7
"Erik Gustafsson (D)","24-25","DET","D",60,978.5,-1.9,4.6,2.8,0,0.1,-0.2,0.9,4.6,-0.1,5.4,0.9,1.7
"Erik Haula","24-25","N.J","L",68,993.5,3,-1.2,0.3,2.8,-0.5,-1.1,3.3,1.6,-1.6,3.3,0.5,1
"Erik Johnson","24-25","COL","D",14,232.5,-0.2,1,0,1.2,0.1,-0.2,-0.2,2.3,-0.1,1.9,0.3,0.6
"Erik Johnson","24-25","PHI","D",22,292.7,-1.1,-1.6,0,1.2,0,-0.1,-1.1,-0.4,-0.1,-1.6,-0.3,-0.5
"Erik Karlsson","24-25","PIT","D",81,1880.2,10,-5.6,2.5,0.3,1.7,-0.1,12.5,-5.3,1.6,8.9,1.5,2.8
"Esa Lindell","24-25","DAL","D",79,1755.6,4.3,7.2,-0.1,2.2,2.3,0,4.2,9.4,2.2,15.8,2.6,4.9
"Ethan Cardwell","24-25","S.J","R",6,69.2,0,-0.2,0,0.1,0,0.2,0,-0.1,0.2,0.1,0,0
"Ethan Del Mastro","24-25","CHI","D",24,439.4,0.1,3.9,0,0.1,0.3,-0.1,0.1,4,0.2,4.3,0.7,1.3
"Ethen Frank","24-25","WSH","C",23,248.6,1.9,0.6,0.9,0,0,0.5,2.7,0.6,0.4,3.8,0.6,1.2
"Evan Bouchard","24-25","EDM","D",81,1900.8,7.2,-0.6,3.3,0,1.1,1.3,10.4,-0.7,2.4,12.2,2,3.8
"Evan Rodrigues","24-25","FLA","C",82,1247.9,2.3,-0.3,-0.6,0,-0.2,0.2,1.7,-0.3,0.1,1.5,0.2,0.5
"Evgeni Malkin","24-25","PIT","C",67,1193.4,3,-4.3,3.1,0,-0.9,2.3,6.1,-4.3,1.4,3.2,0.5,1
"Evgeny Dadonov","24-25","DAL","R",79,1069.8,6.3,-0.8,-0.7,0,1.4,-0.7,5.7,-0.8,0.6,5.5,0.9,1.7
"Fabian Lysell","24-25","BOS","R",12,161.3,-0.1,0.2,0.1,0,-0.2,0.1,0,0.2,-0.1,0.1,0,0
"Fabian Zetterlund","24-25","OTT","L",19,270,-0.5,-1,1.1,0,0.2,-0.5,0.6,-1,-0.3,-0.7,-0.1,-0.2
"Fabian Zetterlund","24-25","S.J","L",64,1086.8,7,0.2,-0.4,-0.1,1.3,1.4,6.6,0.1,2.7,9.4,1.5,2.9
"Fedor Svechkov","24-25","NSH","C",51,653.9,-1.2,-0.4,3.8,0.8,0.1,0,2.6,0.4,0.1,3.1,0.5,1
"Filip Chytil","24-25","NYR","C",41,587.8,2.8,-1.9,0.6,0,0.3,0.4,3.4,-1.9,0.7,2.2,0.4,0.7
"Filip Chytil","24-25","VAN","C",15,250.4,-1.8,-0.8,0.7,0,0.2,0.5,-1.2,-0.8,0.6,-1.3,-0.2,-0.4
"Filip Forsberg","24-25","NSH","L",81,1513.8,10.6,-5.3,2.6,0,-0.9,1.9,13.1,-5.3,0.9,8.7,1.4,2.7
"Filip Hronek","24-25","VAN","D",60,1434,7.4,0.1,-1.5,0.6,0.1,-0.4,5.9,0.7,-0.2,6.3,1,2
"Frank Nazar","24-25","CHI","C",53,841.2,3.2,-4.3,-0.5,-0.6,0.5,1.7,2.7,-4.9,2.2,0,0,0
"Frank Vatrano","24-25","ANA","R",80,1406.1,3.9,-3.6,-3.1,-0.7,-0.9,0,0.7,-4.3,-0.8,-4.4,-0.7,-1.4
"Fraser Minten","24-25","BOS","C",6,90,-0.1,0.4,0,-0.1,0,-0.2,-0.1,0.3,-0.2,0,0,0
"Fraser Minten","24-25","TOR","C",15,183.4,-0.8,-1,-0.4,0,0.4,-0.3,-1.2,-1,0,-2.2,-0.4,-0.7
"Frederick Gaudreau","24-25","MIN","C",82,1284.2,1.6,1.6,0.3,-1.7,2,-1.6,1.9,-0.1,0.4,2.1,0.4,0.7
"Gabe Perreault","24-25","NYR","R",4,56.5,-1.3,-0.8,-0.1,0,0.1,-0.1,-1.4,-0.8,0,-2.2,-0.4,-0.7
"Gabriel Vilardi","24-25","WPG","C",71,1287.7,7.6,1.7,5.2,0,1.3,1.2,12.8,1.7,2.6,17,2.8,5.3
"Gage Goncalves","24-25","T.B","C",59,746.2,3.7,0.8,0.4,0,0.5,-0.1,4.1,0.8,0.4,5.3,0.9,1.6
"Garnet Hathaway","24-25","PHI","R",66,784.5,3,2.7,-0.1,1.2,-0.3,2.2,2.9,3.9,1.9,8.7,1.4,2.7
"Georgii Merkulov","24-25","BOS","C",6,82.4,0.3,1.1,0,0,0,0,0.3,1,0,1.3,0.2,0.4
"Grant Hutton","24-25","NYI","D",13,175,-1.4,-0.7,0,0,0,-0.2,-1.4,-0.7,-0.2,-2.3,-0.4,-0.7
"Gustav Forsling","24-25","FLA","D",80,1835.9,8.2,-1.1,-0.8,0.1,2.4,0,7.4,-1,2.4,8.7,1.4,2.7
"Gustav Nyquist","24-25","MIN","R",22,325,-2.9,1.2,0.4,-0.7,0.3,-0.2,-2.5,0.5,0.1,-2,-0.3,-0.6
"Gustav Nyquist","24-25","NSH","C/R",57,1006.5,-2.1,-1.2,-2.1,1.7,0.9,0.7,-4.3,0.6,1.6,-2.1,-0.3,-0.6
"Hampus Lindholm","24-25","BOS","D",17,354.6,1.2,1.7,-0.1,0.8,0.3,0.2,1.2,2.5,0.6,4.3,0.7,1.3
"Haydn Fleury","24-25","WPG","D",39,621.2,-5.6,-1,0,-1,0.7,-0.6,-5.6,-2,0.1,-7.4,-1.2,-2.3
"Helge Grans","24-25","PHI","D",6,86.8,-0.3,0.4,0,0,-0.2,-0.1,-0.3,0.4,-0.3,-0.2,0,-0.1
"Hendrix Lapierre","24-25","WSH","C",27,264.5,-1.4,-2.9,-0.7,0,0.4,0.2,-2.1,-2.9,0.6,-4.4,-0.7,-1.4
"Henri Jokiharju","24-25","BOS","D",18,384.7,4.4,0.9,0,-0.9,0.6,-0.2,4.4,0,0.4,4.8,0.8,1.5
"Henri Jokiharju","24-25","BUF","D",42,685.2,-0.1,-1.1,0,-0.9,0.2,-0.5,-0.2,-2,-0.2,-2.5,-0.4,-0.8
"Henry Thrun","24-25","S.J","D",59,1026.7,-1.8,-3.6,-0.4,-0.6,0.2,-0.4,-2.1,-4.2,-0.2,-6.5,-1.1,-2
"Hudson Fasching","24-25","NYI","R",42,461.6,-4.3,2.2,0,0,0.4,-0.2,-4.3,2.2,0.2,-1.9,-0.3,-0.6
"Ian Cole","24-25","UTA","D",82,1663.1,-0.4,-1.1,0,-1.8,-3.4,0.1,-0.4,-2.8,-3.3,-6.5,-1.1,-2
"Ian Mitchell","24-25","BOS","D",15,234,0.5,0,-0.4,0,0.3,0.1,0.1,0,0.4,0.5,0.1,0.2
"Ilya Lyubushkin","24-25","DAL","D",79,1375,-3,1.7,0,-1.4,0.1,0,-3,0.2,0.1,-2.7,-0.4,-0.8
"Ilya Mikheyev","24-25","CHI","R",80,1254.2,7.2,4.9,-0.1,3.7,1.3,-1.6,7.2,8.5,-0.3,15.4,2.5,4.8
"Ilya Solovyov","24-25","CGY","D",5,78.3,-0.6,-0.7,0,0,0,0.1,-0.6,-0.7,0.1,-1.2,-0.2,-0.4
"Isac Lundestrom","24-25","ANA","C",78,1056.6,-3.3,2.1,0.1,-5.1,1.3,-0.4,-3.3,-3,0.9,-5.4,-0.9,-1.7
"Isaiah George","24-25","NYI","D",33,516.3,-2,1.5,0,0,0.5,-0.5,-2,1.5,0,-0.5,-0.1,-0.2
"Isak Rosen","24-25","BUF","R",7,69.1,-0.2,-1.3,0,0,0.1,-0.1,-0.2,-1.3,0,-1.6,-0.3,-0.5
"Ivan Barbashev","24-25","VGK","C",70,1175.9,12.7,-3.1,-0.7,0,1.5,0.2,12,-3.1,1.7,10.6,1.7,3.3
"Ivan Ivan","24-25","COL","C",40,401.5,1.5,1.3,0.2,0,0,-0.6,1.7,1.3,-0.6,2.4,0.4,0.8
"Ivan Miroshnichenko","24-25","WSH","L",18,168.2,-0.6,0.3,0.2,0,0.4,-0.1,-0.4,0.3,0.2,0.1,0,0
"Ivan Provorov","24-25","CBJ","D",81,1894.2,2.3,-0.9,-0.2,0.6,1.8,0.2,2.1,-0.3,2.1,3.9,0.6,1.2
"J.T. Compher","24-25","DET","L",74,1234.4,-0.9,1.4,1.1,-1.8,1.8,-0.9,0.1,-0.4,0.9,0.6,0.1,0.2
"J.T. Miller","24-25","NYR","C",31,579.4,6.9,0.4,-0.6,-2.2,-0.2,-0.7,6.3,-1.8,-0.9,3.6,0.6,1.1
"J.T. Miller","24-25","VAN","C",40,718.1,4.8,-2.3,1.5,-1.6,0.1,1.6,6.3,-3.9,1.8,4.1,0.7,1.3
"Jaccob Slavin","24-25","CAR","D",80,1725.8,4.6,2.6,-0.1,2.4,2.7,-0.7,4.5,4.9,2,11.4,1.9,3.6
"Jack Drury","24-25","CAR","C",39,502.5,-0.5,0.2,-0.6,-1.2,-0.2,-0.6,-1.1,-1,-0.8,-2.8,-0.5,-0.9
"Jack Drury","24-25","COL","C",33,427.7,-0.3,-1.2,-0.1,-0.2,0,-0.4,-0.4,-1.4,-0.4,-2.2,-0.4,-0.7
"Jack Eichel","24-25","VGK","C",76,1559.6,12,-3.3,7.4,0.5,2.6,-0.4,19.4,-2.8,2.2,18.8,3.1,5.8
"Jack Hughes","24-25","N.J","C",62,1295.8,9.3,0.6,3.3,-0.4,0.9,1,12.6,0.2,1.9,14.8,2.4,4.6
"Jack Johnson","24-25","CBJ","D",41,527.7,0,-3.4,0,-3.3,0.9,-0.1,0,-6.8,0.8,-6,-1,-1.9
"Jack McBain","24-25","UTA","C",82,1113,3.3,-0.4,0.6,-0.1,-0.2,-0.8,3.9,-0.5,-1,2.4,0.4,0.7
"Jack Quinn","24-25","BUF","R",73,1083.8,0.2,-0.7,1.7,-0.1,0.6,0.2,1.9,-0.8,0.8,1.9,0.3,0.6
"Jack Roslovic","24-25","CAR","C",79,1092.1,5.5,-4.4,-1.4,0,1.5,-0.1,4.1,-4.4,1.4,1.1,0.2,0.3
"Jack St. Ivany","24-25","PIT","D",19,311,-1,0,0,-0.4,-0.5,0.5,-1,-0.4,0,-1.5,-0.2,-0.5
"Jack Thompson","24-25","S.J","D",31,489.5,-1.7,1.8,0.1,-0.2,0.2,-0.5,-1.6,1.6,-0.2,-0.3,0,-0.1
"Jackson Blake","24-25","CAR","R",80,1107.7,3.2,5.2,2.3,0,0,1.6,5.4,5.2,1.7,12.3,2,3.8
"Jackson Lacombe","24-25","ANA","D",74,1646.4,6,1.9,-0.7,0.2,0.9,0.1,5.3,2.1,1,8.4,1.4,2.6
"Jacob Bernard-Docker","24-25","BUF","D",14,200.3,0.6,0.6,0,0,0,0.2,0.6,0.7,0.2,1.4,0.2,0.4
"Jacob Bernard-Docker","24-25","OTT","D",25,327.6,3.2,1.1,0,0,0.3,-0.3,3.2,1.1,0,4.3,0.7,1.3
"Jacob Bryson","24-25","BUF","D",47,675.6,-0.7,-0.9,0,-0.4,0.5,-0.1,-0.7,-1.3,0.4,-1.6,-0.3,-0.5
"Jacob Middleton","24-25","MIN","D",67,1465.6,2.4,-1.7,0,-0.2,0.9,0.2,2.4,-2,1.1,1.5,0.2,0.5
"Jacob Moverare","24-25","L.A","D",49,581.1,1.5,2.1,0,0,0.4,-0.6,1.5,2.1,-0.1,3.5,0.6,1.1
"Jacob Trouba","24-25","ANA","D",52,1077.8,1.4,-2.1,0,0.6,-0.2,-0.3,1.4,-1.5,-0.5,-0.6,-0.1,-0.2
"Jacob Trouba","24-25","NYR","D",24,480.2,1.1,-2.3,0,-2,-0.1,0.3,1.1,-4.2,0.1,-3,-0.5,-0.9
"Jaden Schwartz","24-25","SEA","C",81,1448.5,5.6,-3.3,3.1,0,0.9,-1,8.7,-3.3,-0.1,5.2,0.9,1.6
"Jake Bean","24-25","CGY","D",64,965.7,-2.3,0.1,0,0.3,1.2,-0.2,-2.3,0.4,1,-0.9,-0.2,-0.3
"Jake Christiansen","24-25","CBJ","D",68,852.7,3.6,-1.7,0,0.2,1.2,-0.7,3.6,-1.5,0.5,2.6,0.4,0.8
"Jake Debrusk","24-25","VAN","L",81,1352,5.1,0.3,1.3,0,1.8,-0.8,6.4,0.3,1,7.7,1.3,2.4
"Jake Evans","24-25","MTL","C",81,1257.1,3,-1.9,0,-0.8,2.1,1.7,3,-2.6,3.7,4.1,0.7,1.3
"Jake Guentzel","24-25","T.B","C",79,1584.3,10.3,-0.2,3.5,1.9,1.3,0.4,13.8,1.7,1.6,17.1,2.8,5.3
"Jake McCabe","24-25","TOR","D",66,1419.8,8.3,1.5,-0.2,0.7,0.1,1.1,8.1,2.3,1.2,11.5,1.9,3.6
"Jake Neighbours","24-25","STL","L",82,1303.4,4,-2,0.8,0.5,0.7,0.2,4.8,-1.5,0.8,4.1,0.7,1.3
"Jake Sanderson","24-25","OTT","D",79,1927,-0.6,8.6,2.2,-1.1,2.3,0.1,1.5,7.5,2.3,11.4,1.9,3.5
"Jake Walman","24-25","EDM","D",15,321.4,2.1,-1,-0.5,-0.5,0.3,-0.3,1.6,-1.4,0,0.2,0,0.1
"Jake Walman","24-25","S.J","D",50,1158.8,9.1,0,0,-0.7,-0.5,0.2,9.1,-0.8,-0.3,8.1,1.3,2.5
"Jakob Chychrun","24-25","WSH","D",73,1533.4,5.8,-0.2,3,0.1,-0.5,0,8.8,-0.2,-0.4,8.2,1.4,2.6
"Jakob Pelletier","24-25","CGY","L",24,303.3,3.7,-0.9,0,-0.6,0.5,-0.6,3.7,-1.5,-0.1,2.1,0.3,0.6
"Jakob Pelletier","24-25","PHI","L",24,251.9,0.4,1.6,-0.1,0,0.2,0.2,0.3,1.6,0.4,2.3,0.4,0.7
"Jakub Lauko","24-25","BOS","C",18,217.9,0.1,-1,0,-0.1,-0.1,-0.2,0.1,-1.1,-0.4,-1.3,-0.2,-0.4
"Jakub Lauko","24-25","MIN","C",38,382,-1.2,0.4,0,-0.2,-0.1,0,-1.2,0.2,0,-1.1,-0.2,-0.3
"Jakub Vrana","24-25","NSH","L",12,137.4,-1.8,-2.8,-0.1,0,0.3,0.1,-1.9,-2.8,0.4,-4.3,-0.7,-1.3
"Jakub Vrana","24-25","WSH","L",26,255.6,3.1,-1.5,0.5,0,0.2,-0.3,3.7,-1.5,-0.1,2,0.3,0.6
"Jalen Chatfield","24-25","CAR","D",79,1491.3,3.5,1.7,0,0,-0.3,0.1,3.5,1.6,-0.3,4.9,0.8,1.5
"James Van Riemsdyk","24-25","CBJ","L",70,863.4,8.2,-1,-0.1,0,0.9,-0.3,8.1,-1,0.6,7.7,1.3,2.4
"Jamie Benn","24-25","DAL","L",79,1205.8,10.1,-3.6,-1.5,-0.3,-1.3,-0.7,8.6,-3.9,-2,2.7,0.4,0.8
"Jamie Drysdale","24-25","PHI","D",69,1373.7,3.8,-3.3,0.3,0,0.9,-0.2,4.2,-3.3,0.7,1.6,0.3,0.5
"Jamie Oleksiak","24-25","SEA","D",82,1539.7,-3.9,1.7,-0.1,-0.6,0.9,0.7,-4,1,1.6,-1.3,-0.2,-0.4
"Jan Rutta","24-25","S.J","D",53,905.6,-0.2,-0.4,0,0.1,-0.7,-0.2,-0.2,-0.3,-0.9,-1.4,-0.2,-0.4
"Jani Nyman","24-25","SEA","R",12,167.8,-0.6,-0.1,0.2,0,0.1,-0.2,-0.4,-0.1,0,-0.6,-0.1,-0.2
"Janis Moser","24-25","T.B","D",53,1000,4.7,1.4,0,0.1,0,-0.3,4.7,1.4,-0.3,5.8,1,1.8
"Jansen Harkins","24-25","ANA","C",62,677.5,-2.7,1.3,0,1.2,0.6,0.8,-2.7,2.4,1.4,1.2,0.2,0.4
"Jared McCann","24-25","SEA","L",82,1411.3,10.3,-0.1,0,0.6,1.8,0.8,10.3,0.5,2.6,13.4,2.2,4.2
"Jared Spurgeon","24-25","MIN","D",66,1349.8,3.5,4.8,-0.3,0.6,1.4,-0.9,3.2,5.3,0.5,9,1.5,2.8
"Jaret Anderson-Dolan","24-25","WPG","C",6,58,0.8,0.6,0,0,-0.1,-0.1,0.8,0.6,-0.2,1.2,0.2,0.4
"Jason Dickinson","24-25","CHI","C",59,926.2,0.2,1.5,0,0.3,0.2,0.5,0.3,1.8,0.8,2.8,0.5,0.9
"Jason Robertson","24-25","DAL","L",81,1453,11.9,-0.9,2,0,1.2,1.2,13.9,-0.9,2.4,15.5,2.5,4.8
"Jason Zucker","24-25","BUF","L",72,1153.6,8.3,-3.7,2.2,0,-0.2,0.2,10.5,-3.7,0,6.7,1.1,2.1
"Jaycob Megna","24-25","FLA","D",8,128.8,-1.8,1.2,0,-0.5,0.3,-0.1,-1.8,0.8,0.1,-0.9,-0.1,-0.3
"Jayden Struble","24-25","MTL","D",55,827.8,2.2,5.5,0,-1.1,-1,-0.1,2.2,4.4,-1.1,5.6,0.9,1.7
"Jean-Gabriel Pageau","24-25","NYI","C",78,1329.2,2.9,0.9,-0.9,-2,2,-0.4,2,-1.1,1.6,2.5,0.4,0.8
"Jeff Malott","24-25","L.A","L",11,107.2,-1,0.5,0,0,0.2,0,-0.9,0.5,0.2,-0.1,0,0
"Jeff Petry","24-25","DET","D",43,815.5,-0.8,0.4,0.1,0,0.2,0.1,-0.7,0.4,0.3,0,0,0
"Jeff Skinner","24-25","EDM","C/L",71,920.2,2.9,-4.2,-1.3,0,0.6,0.5,1.5,-4.2,1.2,-1.5,-0.2,-0.5
"Jere Innala","24-25","COL","L",17,121.6,-1.5,0.4,0,0,-0.1,0.4,-1.5,0.4,0.2,-0.8,-0.1,-0.3
"Jeremy Lauzon","24-25","NSH","D",28,503.2,-3.7,1.3,0,-0.2,-1.2,0.5,-3.7,1.1,-0.6,-3.2,-0.5,-1
"Jesper Boqvist","24-25","FLA","C",78,1033.2,1.8,-2.6,-0.2,1.7,1.3,0,1.6,-0.9,1.2,2,0.3,0.6
"Jesper Bratt","24-25","N.J","L",81,1534.8,8.4,-3.1,7.7,-1,1.6,-0.9,16.1,-4.1,0.7,12.6,2.1,3.9
"Jesperi Kotkaniemi","24-25","CAR","C",76,1064.5,5.6,0.5,-1.6,0.1,-0.8,0,4.1,0.5,-0.8,3.8,0.6,1.2
"Jesse Puljujarvi","24-25","FLA","R",5,63.6,-0.4,0.3,0,0,0.1,-0.1,-0.4,0.3,0,-0.1,0,0
"Jesse Puljujarvi","24-25","PIT","R",26,301.6,1.9,-1.7,-0.2,0,0,-0.4,1.7,-1.7,-0.4,-0.4,-0.1,-0.1
"Jett Luchanko","24-25","PHI","C",4,56.2,-0.2,-0.1,-0.2,0,0,-0.1,-0.4,-0.1,-0.1,-0.7,-0.1,-0.2
"Jimmy Schuldt","24-25","S.J","D",7,98.2,-1.8,0.2,0,0.1,0.2,0.1,-1.8,0.3,0.3,-1.2,-0.2,-0.4
"Jimmy Snuggerud","24-25","STL","R",7,108.3,0.3,-1.1,0.7,0,0.2,0,1,-1.1,0.2,0.1,0,0
"Jimmy Vesey","24-25","COL","L",10,105.6,0,-0.9,0,-0.1,0,0,0,-0.9,0,-0.9,-0.1,-0.3
"Jimmy Vesey","24-25","NYR","L",33,352.3,-1.4,-0.4,0,-0.1,0.7,-0.1,-1.4,-0.4,0.6,-1.2,-0.2,-0.4
"Jiri Kulich","24-25","BUF","C",61,899.7,6.8,-1.6,-1.5,0,0.4,-0.4,5.4,-1.6,0,3.9,0.6,1.2
"Jj Peterka","24-25","BUF","R",76,1382.4,16.7,-6.4,3.4,0,0.3,0.3,20.1,-6.4,0.6,14.2,2.3,4.4
"Joe Veleno","24-25","CHI","C",18,227.5,-1.5,0,0,-0.2,0.1,0.1,-1.5,-0.2,0.2,-1.5,-0.2,-0.5
"Joe Veleno","24-25","DET","C",56,669.2,-2.6,0.9,0,0.2,0.7,-0.7,-2.6,1.1,0,-1.5,-0.3,-0.5
"Joel Armia","24-25","MTL","R",80,1142.1,-0.8,-2.3,-1,1.6,0.8,-0.8,-1.8,-0.8,-0.1,-2.6,-0.4,-0.8
"Joel Edmundson","24-25","L.A","D",72,1484.5,6.8,-5.6,0.1,1.7,0.9,-0.6,6.9,-3.9,0.3,3.2,0.5,1
"Joel Eriksson Ek","24-25","MIN","C",46,909.2,3.5,2.9,3,-1.3,-0.1,1,6.4,1.6,1,9,1.5,2.8
"Joel Farabee","24-25","CGY","L",30,430.5,-0.9,0.4,-0.2,0.6,0.4,0.1,-1.1,1,0.5,0.3,0.1,0.1
"Joel Farabee","24-25","PHI","L",50,760.4,-0.8,-0.5,-0.3,0.1,0.3,-0.1,-1,-0.4,0.1,-1.3,-0.2,-0.4
"Joel Hanley","24-25","CGY","D",53,984.8,1.8,5.9,0,0.2,0.4,-0.4,1.7,6.1,0.1,7.9,1.3,2.5
"Joel Kiviranta","24-25","COL","L",79,989.2,3.5,3.1,0,-0.8,0.3,-0.5,3.5,2.3,-0.2,5.5,0.9,1.7
"Joey Anderson","24-25","CHI","R",18,223.1,-2.1,1.3,0,1.4,0.5,-0.2,-2.1,2.7,0.2,0.8,0.1,0.3
"John Beecher","24-25","BOS","C",78,881,0.8,1.3,0,-0.9,-0.6,0.4,0.7,0.4,-0.2,0.9,0.1,0.3
"John Carlson","24-25","WSH","D",79,1861.6,4.9,-3.8,2.9,-0.8,2,-0.5,7.8,-4.7,1.5,4.6,0.8,1.4
"John Hayden","24-25","SEA","C",20,170.2,-0.5,0.4,0,0,0,0.3,-0.5,0.4,0.3,0.2,0,0
"John Klingberg","24-25","EDM","D",11,189.7,1.3,-1.1,0,0,-0.4,-0.2,1.3,-1.1,-0.5,-0.4,-0.1,-0.1
"John Ludvig","24-25","COL","D",8,103.6,-0.9,-1.8,0,0,-0.2,-0.1,-0.9,-1.8,-0.3,-2.9,-0.5,-0.9
"John Marino","24-25","UTA","D",35,740.9,4.1,-1.2,0.1,-1.2,1.3,-0.3,4.2,-2.4,1,2.8,0.5,0.9
"John Tavares","24-25","TOR","C",74,1350.6,12.7,-0.3,5.7,0,-0.3,-0.3,18.4,-0.3,-0.5,17.6,2.9,5.5
"Johnathan Kovacevic","24-25","N.J","D",81,1604.9,-0.1,9.4,0,0.6,-0.4,-0.4,-0.1,10,-0.8,9.1,1.5,2.8
"Jon Merrill","24-25","MIN","D",70,986.3,-0.1,4,0,0.3,0.2,-0.2,-0.1,4.3,0,4.2,0.7,1.3
"Jonah Gadjovich","24-25","FLA","L",42,354.9,-2.1,0.2,-0.1,0,0.2,-0.1,-2.2,0.1,0.1,-2,-0.3,-0.6
"Jonas Brodin","24-25","MIN","D",50,1147.8,3.5,5.4,-0.1,-0.7,0.6,-0.3,3.3,4.6,0.3,8.3,1.4,2.6
"Jonas Rondbjerg","24-25","VGK","R",12,112.2,-1.8,0.6,0,0,0.2,0,-1.8,0.6,0.2,-1,-0.2,-0.3
"Jonas Siegenthaler","24-25","N.J","D",55,1078.1,-2.8,11,0,2.4,0.1,0.5,-2.7,13.4,0.5,11.2,1.8,3.5
"Jonatan Berggren","24-25","DET","R",73,946.4,-2.2,1.1,0.7,0,0.5,0.8,-1.4,1.1,1.3,0.9,0.2,0.3
"Jonathan Drouin","24-25","COL","L",43,781.9,8.6,-3,3.4,0,1.1,-1.1,12,-3,0,8.9,1.5,2.8
"Jonathan Huberdeau","24-25","CGY","C/L",81,1582.9,5.7,-1.1,2.6,0.6,1.1,1.1,8.3,-0.5,2.2,10,1.6,3.1
"Jonathan Lekkerimaki","24-25","VAN","R",24,300.1,-0.5,-0.5,0.8,0,0.5,-0.2,0.3,-0.5,0.2,0,0,0
"Jonathan Marchessault","24-25","NSH","R",77,1388.3,1.5,-2.3,2.6,0,0.8,-0.7,4.1,-2.3,0.1,1.9,0.3,0.6
"Jonny Brodzinski","24-25","NYR","C",50,582.3,2.5,-2.8,-0.9,0,0.8,-0.1,1.6,-2.8,0.7,-0.5,-0.1,-0.2
"Joona Koppanen","24-25","PIT","L",10,131.4,0.8,-1,0,0.4,0.3,-0.2,0.8,-0.6,0,0.2,0,0.1
"Jordan Eberle","24-25","SEA","R",42,683,5.2,0,0,0,0.4,-0.6,5.3,-0.1,-0.2,5,0.8,1.6
"Jordan Greenway","24-25","BUF","L",34,512.6,1.6,0.6,0,-0.9,-0.5,0.6,1.6,-0.3,0.2,1.4,0.2,0.4
"Jordan Harris","24-25","CBJ","D",32,357.4,-1.4,-0.5,0,0,0.1,0.4,-1.4,-0.5,0.6,-1.3,-0.2,-0.4
"Jordan Kyrou","24-25","STL","C/R",82,1433.3,10.5,1.1,2,0,1.4,1.2,12.5,1.1,2.6,16.2,2.7,5
"Jordan Martinook","24-25","CAR","L",79,1208.4,2,0.6,0,2.4,0.9,-0.8,2,3,0.1,5.2,0.8,1.6
"Jordan Oesterle","24-25","BOS","D",22,387.2,1.9,2,-0.1,0,0.6,-0.2,1.8,2.1,0.5,4.3,0.7,1.3
"Jordan Oesterle","24-25","NSH","D",14,227.9,-0.3,-1.2,0,-0.1,0.3,0,-0.3,-1.3,0.3,-1.4,-0.2,-0.4
"Jordan Spence","24-25","L.A","D",78,1309.6,3.6,5.3,-0.7,1.4,1.2,-0.6,2.9,6.7,0.6,10.2,1.7,3.2
"Jordan Staal","24-25","CAR","C",75,1157.7,2.4,1.2,0,0.2,0.9,-1,2.3,1.4,-0.2,3.5,0.6,1.1
"Joseph Labate","24-25","CBJ","C",6,54.6,0.7,-0.1,0,0,0.1,0.3,0.7,-0.1,0.4,1,0.2,0.3
"Josh Anderson","24-25","MTL","R",80,1145.5,2.6,-3.8,0.1,0.3,-2.6,1.3,2.7,-3.6,-1.4,-2.2,-0.4,-0.7
"Josh Brown","24-25","EDM","D",9,105.4,-0.6,-0.7,0,-0.1,-0.2,-0.1,-0.6,-0.8,-0.3,-1.7,-0.3,-0.5
"Josh Doan","24-25","UTA","R",51,689.5,1.2,2.6,1.5,0,1.1,-0.8,2.7,2.6,0.3,5.6,0.9,1.7
"Josh Mahura","24-25","SEA","D",64,880.3,1.2,3,0,0.2,0.1,-0.3,1.2,3.2,-0.2,4.2,0.7,1.3
"Josh Manson","24-25","COL","D",48,866,-0.7,-0.4,0.1,1,-0.3,0.9,-0.7,0.6,0.6,0.5,0.1,0.1
"Josh Morrissey","24-25","WPG","D",79,1925,3,2.3,3.2,0.1,1.9,0.2,6.1,2.4,2,10.5,1.7,3.3
"Josh Norris","24-25","BUF","C",3,55.8,0.5,-0.1,-0.1,-0.1,0.1,0.1,0.4,-0.2,0.2,0.4,0.1,0.1
"Josh Norris","24-25","OTT","C",53,971.6,1.2,-0.5,0.3,2,-0.4,0.7,1.6,1.5,0.3,3.4,0.6,1
"Joshua Roy","24-25","MTL","R",12,132.2,-0.9,-1,0,0,0.1,-0.1,-0.9,-1,0,-1.9,-0.3,-0.6
"Juha Jaaska","24-25","CAR","L",18,160.7,-0.6,1.9,0,0,0,-0.1,-0.6,1.9,-0.1,1.1,0.2,0.3
"Juraj Slafkovsky","24-25","MTL","L",78,1354.6,9.7,-3.8,0.6,0,0.1,-0.3,10.3,-3.8,-0.2,6.3,1,2
"Justin Barron","24-25","MTL","D",17,250.3,-2.1,-1.7,0,0.9,-0.2,-0.2,-2.1,-0.7,-0.4,-3.3,-0.5,-1
"Justin Barron","24-25","NSH","D",44,810.8,0.9,2.2,0,0,0.7,0.5,1,2.2,1.2,4.4,0.7,1.4
"Justin Brazeau","24-25","BOS","R",57,739.2,0.8,-1.2,-0.7,0,1.2,-0.2,0.1,-1.2,1,-0.1,0,0
"Justin Brazeau","24-25","MIN","R",19,162.5,-1,-1.3,0,0,0.1,-0.1,-1,-1.3,0,-2.4,-0.4,-0.7
"Justin Danforth","24-25","CBJ","R",60,864.6,0.4,0.1,0,-2.4,0.1,-1,0.5,-2.3,-0.9,-2.8,-0.5,-0.9
"Justin Dowling","24-25","N.J","C",51,516.6,-3,0.3,0,-0.1,0.7,-0.2,-3,0.2,0.6,-2.2,-0.4,-0.7
"Justin Faulk","24-25","STL","D",78,1751.4,-10.4,1.3,1.1,0.3,0.8,-0.7,-9.3,1.7,0.1,-7.6,-1.2,-2.3
"Justin Holl","24-25","DET","D",72,1061.6,-1.5,6.4,0,-1,0.7,-0.6,-1.5,5.4,0,3.9,0.6,1.2
"Justin Kirkland","24-25","CGY","C",21,203.7,3.7,-0.3,0,0,0.1,0,3.7,-0.3,0.1,3.4,0.6,1.1
"Juuso Parssinen","24-25","COL","C",22,215.1,1,1.4,-0.5,0,-0.1,-0.4,0.6,1.4,-0.5,1.4,0.2,0.4
"Juuso Parssinen","24-25","NSH","C",15,183.2,-1.2,-2,0,0,0.4,-0.3,-1.2,-2,0,-3.2,-0.5,-1
"Juuso Parssinen","24-25","NYR","C",11,107.5,0.7,-1,0,0,-0.1,-0.2,0.7,-1,-0.3,-0.6,-0.1,-0.2
"Juuso Valimaki","24-25","UTA","D",43,711.8,-1.4,-0.2,-0.2,0.5,0.3,1,-1.6,0.4,1.2,0,0,0
"K'Andre Miller","24-25","NYR","D",73,1601.6,3.4,-5.5,1.2,3.4,1.1,-0.2,4.5,-2.1,0.9,3.3,0.5,1
"Kaapo Kakko","24-25","NYR","R",30,398.3,2.9,0.2,0.5,0,-0.2,-0.2,3.4,0.2,-0.4,3.3,0.5,1
"Kaapo Kakko","24-25","SEA","R",49,835.4,1.1,-2.5,-0.8,0,0.5,0.3,0.3,-2.5,0.7,-1.5,-0.2,-0.5
"Kaedan Korczak","24-25","VGK","D",39,586.3,4.4,4.1,0,-0.1,1,-0.6,4.4,4.1,0.4,8.9,1.5,2.8
"Kaiden Guhle","24-25","MTL","D",54,1141,1.2,-0.3,0.1,3.3,0.3,0.2,1.2,3,0.5,4.7,0.8,1.5
"Kailer Yamamoto","24-25","UTA","R",12,145.3,-1.9,1,0.6,0,0.1,0.5,-1.2,1,0.6,0.4,0.1,0.1
"Karsen Dorwart","24-25","PHI","L",5,54.9,0.2,-0.2,-0.1,0,-0.1,-0.1,0.2,-0.2,-0.2,-0.1,0,0
"Kasperi Kapanen","24-25","EDM","R",56,669.2,-0.8,-0.6,-0.1,0.4,0.8,0.2,-0.9,-0.1,1,0,0,0
"Kasperi Kapanen","24-25","STL","R",10,113.2,-1.9,0.1,0,0,0,0.4,-1.9,0.1,0.4,-1.5,-0.2,-0.5
"Keaton Middleton","24-25","COL","D",41,471,-1.2,-0.2,0,0.8,-0.5,-0.3,-1.2,0.6,-0.8,-1.4,-0.2,-0.4
"Keegan Kolesar","24-25","VGK","R",81,1069.1,1.5,-0.1,0,0.5,0.6,-0.3,1.5,0.4,0.3,2.1,0.3,0.7
"Kent Johnson","24-25","CBJ","C",67,1159.3,11.1,-3.2,2.7,0.8,1,-1.3,13.8,-2.4,-0.3,11.1,1.8,3.5
"Kevin Bahl","24-25","CGY","D",72,1541.8,-0.5,0.7,0.1,-2.2,1.3,-0.5,-0.4,-1.5,0.7,-1.2,-0.2,-0.4
"Kevin Fiala","24-25","L.A","L",80,1483.6,0.3,1.3,1.6,0,-0.3,0.5,1.9,1.3,0.2,3.3,0.5,1
"Kevin Gravel","24-25","NSH","D",6,107,0.7,0.5,0,-0.1,0.2,-0.1,0.7,0.4,0.1,1.2,0.2,0.4
"Kevin Hayes","24-25","PIT","R",64,771.1,3.7,0,-0.7,0,0.8,-0.3,2.9,-0.1,0.5,3.3,0.5,1
"Kevin Korchinski","24-25","CHI","D",16,273.4,2.2,0.9,0,0,0,-0.1,2.2,0.9,-0.1,3,0.5,0.9
"Kevin Labanc","24-25","CBJ","R",34,356.8,1.1,2.4,-0.1,0,-0.3,-0.3,1,2.4,-0.6,2.7,0.4,0.8
"Kevin Rooney","24-25","CGY","C",70,659.2,1.3,1,-0.1,2.7,0.4,0.4,1.2,3.7,0.8,5.8,0.9,1.8
"Kevin Stenlund","24-25","UTA","C",82,1176.8,2.8,1.4,0,-0.4,-0.6,0.5,2.7,1,0,3.7,0.6,1.2
"Kiefer Sherwood","24-25","VAN","L",77,1142.8,11.9,-3.3,-0.3,-0.2,0.4,0.3,11.6,-3.5,0.7,8.8,1.4,2.7
"Kieffer Bellows","24-25","NSH","L",19,202.8,-2.1,0,0.4,0,-0.1,0.2,-1.7,0,0.1,-1.6,-0.3,-0.5
"Kirby Dach","24-25","MTL","C",57,893.4,-1.6,-3.2,0.4,0,-1.6,1.4,-1.2,-3.1,-0.2,-4.5,-0.7,-1.4
"Kirill Kaprizov","24-25","MIN","L",41,921.1,10.4,1.8,0.2,0,0.6,-0.1,10.6,1.8,0.5,12.9,2.1,4
"Kirill Marchenko","24-25","CBJ","R",78,1452.5,13.4,0.8,1.5,0,0.9,0.5,14.9,0.8,1.4,17.1,2.8,5.3
"Klim Kostin","24-25","S.J","C",35,373.7,0,-4.6,1.4,0,-0.8,0.3,1.4,-4.6,-0.5,-3.6,-0.6,-1.1
"Kris Letang","24-25","PIT","D",74,1740.8,-0.2,-4.7,1,1.3,-1.4,0.6,0.8,-3.4,-0.7,-3.4,-0.6,-1
"Kurtis MacDermid","24-25","N.J","L",22,124.7,-1.6,0.3,0,0,-0.3,-0.1,-1.6,0.3,-0.4,-1.7,-0.3,-0.5
"Kyle Burroughs","24-25","L.A","D",33,258,2.3,0.8,0,0.2,-1.4,-0.1,2.3,1,-1.4,1.8,0.3,0.6
"Kyle Connor","24-25","WPG","L",81,1651.7,9.5,0.9,4.4,0.4,1.7,-0.6,13.9,1.3,1.1,16.4,2.7,5.1
"Kyle MacLean","24-25","NYI","C",80,792.5,-2.8,-0.8,0,-0.1,0.5,0.4,-2.9,-0.9,0.9,-2.8,-0.5,-0.9
"Kyle Palmieri","24-25","NYI","C",81,1500.4,6.2,-4.7,0.2,0.1,1.2,-0.1,6.4,-4.6,1.1,2.9,0.5,0.9
"Landon Slaggert","24-25","CHI","L",33,406.1,-0.5,-2.3,0,-0.5,-1.1,-0.2,-0.5,-2.8,-1.3,-4.6,-0.8,-1.4
"Lane Hutson","24-25","MTL","D",81,1842.6,10,-4.6,3.6,-0.3,0.3,1.5,13.6,-4.9,1.8,10.5,1.7,3.3
"Lars Eller","24-25","PIT","C",17,279.2,0.3,-1.1,0,0.8,-0.5,-0.2,0.3,-0.3,-0.7,-0.8,-0.1,-0.2
"Lars Eller","24-25","WSH","C",62,770.5,-2.3,3.1,0.1,-0.8,-0.8,0.7,-2.2,2.3,-0.1,0,0,0
"Lawson Crouse","24-25","UTA","L",81,1112.1,-1.4,1.8,-1.7,0.7,0.6,-0.6,-3.1,2.5,0,-0.6,-0.1,-0.2
"Leo Carlsson","24-25","ANA","C",75,1215.5,2.2,0.7,-0.1,1.6,1.1,0.2,2.1,2.3,1.4,5.7,0.9,1.8
"Leon Draisaitl","24-25","EDM","C",71,1527.7,19.5,1.4,4.9,0,0.5,2.3,24.4,1.5,2.8,28.7,4.7,8.9
"Liam O'Brien","24-25","UTA","C",28,260.3,0.4,-1.1,0,0,0.1,-0.3,0.4,-1.1,-0.2,-0.8,-0.1,-0.3
"Liam Ohgren","24-25","MIN","L",24,266.5,0.4,-0.4,-0.4,0,0.4,-0.3,0,-0.4,0.1,-0.3,-0.1,-0.1
"Lian Bichsel","24-25","DAL","D",38,565.9,3.7,3.3,0,-0.1,-1.9,0.3,3.7,3.2,-1.6,5.2,0.9,1.6
"Linus Karlsson","24-25","VAN","C",22,241,2,0.1,0.1,0,0.3,-0.3,2.1,0.1,0.1,2.2,0.4,0.7
"Logan Cooley","24-25","UTA","C",75,1339.6,11.9,-2.3,3.3,-0.2,-0.9,1,15.3,-2.5,0.1,12.9,2.1,4
"Logan Mailloux","24-25","MTL","D",7,113.4,1.8,-4.4,0,0,-0.8,-0.1,1.8,-4.4,-0.9,-3.5,-0.6,-1.1
"Logan O'Connor","24-25","COL","R",80,1129.9,-2.6,6.5,0.1,2.7,1.7,1,-2.5,9.2,2.6,9.3,1.5,2.9
"Logan Stankoven","24-25","CAR","C",17,252.8,3.6,-1.8,-0.9,0,0.5,0.1,2.7,-1.8,0.6,1.5,0.2,0.5
"Logan Stankoven","24-25","DAL","C",59,891,-1.2,0.5,-0.5,0,1.3,1.6,-1.7,0.5,2.9,1.8,0.3,0.6
"Logan Stanley","24-25","WPG","D",62,966.6,-4.2,1.4,0,0.6,-1,-0.2,-4.1,2,-1.2,-3.4,-0.6,-1.1
"Louis Crevier","24-25","CHI","D",32,553.1,-0.4,2.4,0,-1.1,0.3,-0.4,-0.4,1.3,0,0.9,0.1,0.3
"Luca Cagnoni","24-25","S.J","D",6,105.8,-1,-0.1,0.2,0,-0.5,0.1,-0.8,-0.1,-0.4,-1.4,-0.2,-0.4
"Luca Del Bel Belluz","24-25","CBJ","C",15,206.3,3.1,1.6,0.2,0,0.4,-0.4,3.3,1.6,0,4.9,0.8,1.5
"Lucas Carlsson","24-25","S.J","D",12,231.4,2.5,-3.1,-0.1,-0.2,-0.9,-0.2,2.4,-3.3,-1.1,-2,-0.3,-0.6
"Lucas Condotta","24-25","MTL","L",7,57.4,0.3,0.3,0,0,0.1,-0.1,0.3,0.3,0,0.6,0.1,0.2
"Lucas Condotta","24-25","MTL","L",7,57.4,0.3,0.3,0,0,0.1,-0.1,0.3,0.3,0,0.6,0.1,0.2
"Lucas Raymond","24-25","DET","L",80,1515,3.7,3.4,5.9,1,2.2,0.7,9.6,4.5,2.9,16.9,2.8,5.3
"Lukas Reichel","24-25","CHI","L",70,833.8,-1.3,-1.7,-0.5,-0.5,0.6,-1,-1.8,-2.2,-0.4,-4.4,-0.7,-1.4
"Luke Evangelista","24-25","NSH","R",67,929.8,1.3,0.2,-0.2,0,-0.3,0.7,1.1,0.2,0.4,1.6,0.3,0.5
"Luke Glendening","24-25","T.B","C",77,830.4,-5.6,0.5,0,1.5,0.9,-0.6,-5.6,2,0.3,-3.3,-0.5,-1
"Luke Hughes","24-25","N.J","D",71,1502.2,-2.5,-2.8,3,-0.6,1.1,-0.5,0.5,-3.4,0.6,-2.2,-0.4,-0.7
"Luke Kunin","24-25","CBJ","C",12,141.3,-2.3,0.6,0,0.2,0.1,-0.3,-2.3,0.8,-0.2,-1.6,-0.3,-0.5
"Luke Kunin","24-25","S.J","C",63,960.5,1.2,-2.3,-1.2,1.1,-0.5,-1,0.1,-1.2,-1.5,-2.6,-0.4,-0.8
"Luke Schenn","24-25","NSH","D",61,950.4,-2.4,0.9,0,-0.1,0.6,-0.6,-2.4,0.8,0,-1.6,-0.3,-0.5
"Luke Schenn","24-25","WPG","D",14,245.1,0.8,-0.5,0,0.3,0.1,-0.1,0.8,-0.2,0,0.6,0.1,0.2
"MacKenzie Weegar","24-25","CGY","D",80,1934.8,8.1,6.2,2.4,0.9,2.1,-0.3,10.5,7.2,1.8,19.5,3.2,6.1
"Mackie Samoskevich","24-25","FLA","R",72,959.2,0.1,0.9,1.5,0,0.6,0.7,1.6,0.9,1.3,3.9,0.6,1.2
"Macklin Celebrini","24-25","S.J","C",69,1368,4.4,-2.3,1.2,0.2,0.1,2.3,5.5,-2.1,2.4,5.9,1,1.8
"Marat Khusnutdinov","24-25","BOS","C",18,266.1,-1.3,0.5,-0.1,0,0,-0.5,-1.4,0.5,-0.5,-1.5,-0.2,-0.5
"Marat Khusnutdinov","24-25","MIN","C",57,640.3,-3.3,0.5,0,1,0.2,-1,-3.3,1.4,-0.9,-2.7,-0.4,-0.8
"Marc-Edouard Vlasic","24-25","S.J","D",26,383.1,-1.9,2.4,0,-1.6,0.6,-0.2,-1.9,0.8,0.5,-0.6,-0.1,-0.2
"Marc Del Gaizo","24-25","NSH","D",45,752,3,2.4,-0.1,1.5,0.2,-0.5,2.9,3.8,-0.3,6.4,1.1,2
"Marc Gatcomb","24-25","NYI","C",38,369.3,1.7,-1,0,0,0.4,-0.5,1.7,-1,-0.1,0.6,0.1,0.2
"Marc McLaughlin","24-25","BOS","C",12,110.3,0.2,0.8,0,0,0.2,0,0.2,0.8,0.2,1.2,0.2,0.4
"Marco Kasper","24-25","DET","C",75,1156,3.6,1.5,0.9,-1.5,0.5,-0.2,4.4,0,0.3,4.7,0.8,1.5
"Marco Rossi","24-25","MIN","C",82,1496.2,9.9,1.6,1.1,-0.1,0.5,1,11,1.5,1.6,14.1,2.3,4.4
"Marcus Foligno","24-25","MIN","L",77,1115.1,6,7.3,0.3,2.4,-0.1,-0.6,6.3,9.7,-0.7,15.3,2.5,4.7
"Marcus Johansson","24-25","MIN","L",72,1179.6,-1.4,1.4,0.4,0.1,1.5,-0.3,-1,1.5,1.2,1.7,0.3,0.5
"Marcus Pettersson","24-25","PIT","D",47,1036.1,9,0.2,-0.1,0.4,0.4,-0.5,8.9,0.6,-0.1,9.5,1.6,2.9
"Marcus Pettersson","24-25","VAN","D",30,634.5,6.5,1.7,0,1.3,0,0.3,6.4,3.1,0.3,9.8,1.6,3.1
"Mario Ferraro","24-25","S.J","D",78,1669.2,2.5,-2.1,-0.1,-2.4,-0.5,-0.5,2.4,-4.5,-1,-3,-0.5,-0.9
"Mark Friedman","24-25","VAN","D",5,70.3,-0.3,-0.7,0,0,0.1,-0.1,-0.3,-0.7,0.1,-1,-0.2,-0.3
"Mark Jankowski","24-25","CAR","L",17,200.1,2.1,0.2,0,0.2,0.3,-0.2,2.1,0.5,0.1,2.7,0.4,0.8
"Mark Jankowski","24-25","NSH","C/L",41,521,-0.9,3.6,0,1.6,0.5,-0.6,-0.9,5.2,-0.1,4.2,0.7,1.3
"Mark Kastelic","24-25","BOS","C",61,654.9,2.3,0.2,-0.1,0.6,-0.8,0.2,2.2,0.8,-0.6,2.5,0.4,0.8
"Mark Scheifele","24-25","WPG","C",81,1655,9.8,-0.5,3.8,0.3,0.5,2,13.6,-0.2,2.5,16,2.6,5
"Mark Stone","24-25","VGK","R",66,1270.8,4.6,1.1,6.5,-0.8,1.4,0,11.1,0.2,1.4,12.7,2.1,4
"Martin Fehervary","24-25","WSH","D",81,1539.4,1.2,-0.6,0,-0.6,1.7,0,1.2,-1.2,1.6,1.6,0.3,0.5
"Martin Necas","24-25","CAR","C",49,886.1,6.5,-4,2.1,0,0.8,1.4,8.6,-4,2.1,6.8,1.1,2.1
"Martin Necas","24-25","COL","C",30,614.8,1.6,1.5,5.1,0,0.7,0.5,6.6,1.5,1.3,9.5,1.6,2.9
"Martin Pospisil","24-25","CGY","C",81,1118.4,8.9,-2.4,0.1,0.1,-0.9,1.6,8.9,-2.4,0.7,7.3,1.2,2.3
"Mason Appleton","24-25","WPG","C",70,1039,0.7,-2.2,0.2,0.3,0.4,-0.3,0.9,-1.9,0.1,-0.9,-0.2,-0.3
"Mason Lohrei","24-25","BOS","D",77,1503.6,2.8,-3.1,4.3,-0.3,1.3,0.4,7.1,-3.4,1.8,5.4,0.9,1.7
"Mason Marchment","24-25","DAL","L",61,936.1,5.3,-2.7,1.6,0,-2.4,0.7,6.8,-2.7,-1.6,2.5,0.4,0.8
"Mason McTavish","24-25","ANA","C",75,1263.2,10.7,-3.8,1.1,0,-0.3,1.5,11.8,-3.9,1.2,9.1,1.5,2.8
"Matej Blumel","24-25","DAL","R",7,59,-0.5,0.2,0,0,0.1,0.1,-0.5,0.2,0.2,-0.1,0,0
"Mathew Barzal","24-25","NYI","C",30,610.5,4,3.6,-1.2,0,0.9,-0.2,2.7,3.6,0.7,7,1.2,2.2
"Mathieu Joseph","24-25","STL","R",60,714.5,-1,2.7,0.1,1.3,0,0.5,-0.9,4,0.5,3.7,0.6,1.1
"Mathieu Olivier","24-25","CBJ","R",81,1171.4,2.3,1.5,-0.4,-0.4,-0.9,-0.9,2,1.1,-1.8,1.3,0.2,0.4
"Matias MacCelli","24-25","UTA","L",55,755.1,-1.8,-1.2,-0.5,0,1,-0.7,-2.4,-1.2,0.3,-3.2,-0.5,-1
"Mats Zuccarello","24-25","MIN","R",69,1356.3,5.5,-0.2,2.7,0,1.3,1.6,8.2,-0.2,3,11,1.8,3.4
"Matt Benning","24-25","S.J","D",7,91.3,-1.4,-0.6,0,0.1,-0.2,0.3,-1.4,-0.4,0.1,-1.7,-0.3,-0.5
"Matt Boldy","24-25","MIN","L",82,1663.4,4.8,-0.5,1.3,0.4,-0.1,-0.2,6.1,-0.1,-0.4,5.7,0.9,1.8
"Matt Coronato","24-25","CGY","R",76,1339.1,4.9,1.6,2.5,0,0.8,0,7.5,1.6,0.8,9.8,1.6,3.1
"Matt Duchene","24-25","DAL","C",81,1388.4,10,-2.6,6.9,-0.2,1.6,-0.7,16.9,-2.8,1,15.1,2.5,4.7
"Matt Dumba","24-25","DAL","D",62,952.1,2.1,-3.2,1.1,-0.1,-1.2,-0.3,3.3,-3.3,-1.5,-1.5,-0.3,-0.5
"Matt Grzelcyk","24-25","PIT","D",81,1667.8,2.1,-1.4,3.4,1.6,1.6,-0.7,5.5,0.2,0.9,6.7,1.1,2.1
"Matt Martin","24-25","NYI","L",31,260,-1.6,-0.9,0,0,0.5,-0.3,-1.6,-0.9,0.2,-2.2,-0.4,-0.7
"Matt Nieto","24-25","PIT","L",32,392,-1.7,1.7,0,0,0.4,-0.6,-1.7,1.7,-0.1,-0.1,0,0
"Matt Rempe","24-25","NYR","C",41,343.2,3,-2.5,0,0,-2.1,0.7,3,-2.5,-1.3,-0.8,-0.1,-0.3
"Matt Roy","24-25","WSH","D",69,1371.7,3.7,1.6,0,1.1,0.7,-0.6,3.7,2.7,0.1,6.5,1.1,2
"Matt Savoie","24-25","EDM","C",4,50.1,0.1,-0.6,0,0,0.1,-0.1,0.1,-0.6,0,-0.4,-0.1,-0.1
"Matthew Highmore","24-25","OTT","C",41,457.8,-2.8,-0.3,0,-0.9,0.2,1,-2.8,-1.2,1.1,-2.9,-0.5,-0.9
"Matthew Kessel","24-25","STL","D",29,381.1,-0.1,0.3,0,-0.3,0.2,-0.2,-0.1,0,0,-0.1,0,0
"Matthew Knies","24-25","TOR","L",77,1429.8,6,0.7,3.8,-1.9,0.5,0.6,9.8,-1.2,1.1,9.8,1.6,3
"Matthew Poitras","24-25","BOS","C",33,431.9,-0.5,0.7,-0.8,0,0.4,1.2,-1.3,0.7,1.6,1,0.2,0.3
"Matthew Tkachuk","24-25","FLA","L",52,948,7.3,-0.5,2.1,0,-0.4,1,9.3,-0.5,0.6,9.4,1.5,2.9
"Matthew Wood","24-25","NSH","R",5,56.6,-0.3,-0.4,-0.1,0,0,-0.1,-0.3,-0.4,-0.1,-0.9,-0.1,-0.3
"Mattias Ekholm","24-25","EDM","D",65,1442.8,3.2,1.3,2.6,1.9,0.6,-0.4,5.8,3.1,0.2,9.1,1.5,2.8
"Mattias Janmark","24-25","EDM","C",79,1048.5,-4.1,-1.5,0,-1.5,0.8,0.1,-4.1,-3.1,0.8,-6.3,-1,-2
"Mattias Samuelsson","24-25","BUF","D",61,1173.5,1.9,-0.4,0,0.5,1.4,-0.4,1.9,0.1,1,3,0.5,0.9
"Matty Beniers","24-25","SEA","C",82,1532.4,0.9,3.9,-4.6,0.8,1.9,1.4,-3.7,4.6,3.3,4.2,0.7,1.3
"Matvei Michkov","24-25","PHI","R",79,1314,9.6,-3.3,-0.4,0,-0.3,0.7,9.2,-3.3,0.4,6.3,1,2
"Maveric Lamoureux","24-25","UTA","D",15,241.9,0.9,2.9,0,-0.2,-1.7,0.2,0.9,2.7,-1.5,2,0.3,0.6
"Mavrik Bourque","24-25","DAL","C",72,911.2,2.9,1.8,-0.3,0.5,1.1,0.7,2.6,2.4,1.7,6.7,1.1,2.1
"Max Domi","24-25","TOR","C",73,1033.4,3.7,-0.6,0.1,0,-1.4,-0.9,3.8,-0.6,-2.3,1,0.2,0.3
"Max Jones","24-25","BOS","L",7,70.1,-0.7,-1,0,0,-0.6,0.2,-0.7,-1,-0.4,-2.1,-0.3,-0.7
"Max Jones","24-25","EDM","L",18,160.3,-2.7,-0.4,0,0,-0.4,-0.3,-2.7,-0.4,-0.7,-3.9,-0.6,-1.2
"Max Pacioretty","24-25","TOR","L",37,499.4,1.4,-3.7,0,0,-0.4,-0.4,1.4,-3.7,-0.7,-3,-0.5,-0.9
"Max Sasson","24-25","VAN","C",28,286.6,1,0.2,0,0,0.6,0,1,0.2,0.6,1.9,0.3,0.6
"Maxim Tsyplakov","24-25","NYI","R",76,1137.9,4.5,3.3,-0.3,0,-0.9,-0.8,4.2,3.3,-1.7,5.8,1,1.8
"Maxwell Crozier","24-25","T.B","D",5,83.4,-0.4,0.6,0,0,0.2,-0.1,-0.4,0.7,0.1,0.3,0.1,0.1
"Michael Amadio","24-25","OTT","R",71,1000.4,4.1,2.7,1.7,0.3,0.9,0,5.8,3.1,0.9,9.8,1.6,3
"Michael Bunting","24-25","NSH","L",17,281.2,1.5,-1,1.1,0,-0.6,0.1,2.7,-1,-0.5,1.2,0.2,0.4
"Michael Bunting","24-25","PIT","L",58,884.7,1.2,-0.7,2.5,0,-1,0.5,3.7,-0.7,-0.5,2.6,0.4,0.8
"Michael Callahan","24-25","BOS","D",17,240.4,0.7,-1.6,0,0.4,0.3,-0.2,0.7,-1.2,0.1,-0.5,-0.1,-0.2
"Michael Carcone","24-25","UTA","L",53,606,4.7,-2.3,-0.2,0,0,0.3,4.5,-2.3,0.2,2.4,0.4,0.8
"Michael Eyssimont","24-25","SEA","C",20,208.6,2.1,0.5,0,0,-0.2,0.4,2.1,0.5,0.1,2.7,0.4,0.8
"Michael Eyssimont","24-25","T.B","C",57,608.6,-0.6,2.7,0,0,-1.1,0.3,-0.6,2.7,-0.8,1.3,0.2,0.4
"Michael Kesselring","24-25","UTA","D",82,1450.3,-0.9,3.1,-0.9,-0.7,-1,0.9,-1.7,2.4,-0.1,0.5,0.1,0.2
"Michael McCarron","24-25","NSH","C/R",73,1003,0.4,-1.2,0,1.1,-0.5,-0.2,0.3,-0.1,-0.7,-0.5,-0.1,-0.2
"Michael Pezzetta","24-25","MTL","L",25,148.3,-0.1,2.1,0,0,-0.9,-0.1,-0.1,2.1,-1,1,0.2,0.3
"Michael Rasmussen","24-25","DET","C",75,1004.3,1.8,1.5,-0.7,-2.4,1,-0.2,1.1,-0.9,0.8,1,0.2,0.3
"Mika Zibanejad","24-25","NYR","C",81,1521,-0.6,-3.8,2,0.2,1.3,0.6,1.4,-3.6,2,-0.2,0,-0.1
"Mikael Backlund","24-25","CGY","C",75,1406,1.3,2.8,1,-3.3,0.3,-1.5,2.2,-0.5,-1.2,0.5,0.1,0.2
"Mikael Granlund","24-25","DAL","C",30,511.8,3,-5.4,0,-0.2,0.4,-0.4,3,-5.7,0,-2.7,-0.4,-0.8
"Mikael Granlund","24-25","S.J","C",52,1084.5,3,-4.3,0,-2,0.2,0.3,3.1,-6.3,0.4,-2.8,-0.5,-0.9
"Mikael Pyyhtia","24-25","CBJ","L",47,568.7,-3,-1.9,0,0.9,0.6,-0.7,-3,-1,0,-4,-0.7,-1.2
"Mike Matheson","24-25","MTL","D",79,1980.3,0.7,-5.2,-0.9,0.6,0.2,0.5,-0.1,-4.7,0.7,-4.1,-0.7,-1.3
"Mike Reilly","24-25","NYI","D",17,255.1,-1.8,0.3,-0.7,0,0.3,0.1,-2.5,0.3,0.4,-1.8,-0.3,-0.6
"Mikey Anderson","24-25","L.A","D",76,1726.3,-7.4,8.8,0.1,-1.2,1.9,-0.3,-7.3,7.6,1.6,1.9,0.3,0.6
"Mikhail Sergachev","24-25","UTA","D",77,1934,7.2,-3.3,4.4,1.2,1.3,-0.9,11.6,-2.2,0.4,9.8,1.6,3
"Mikko Rantanen","24-25","CAR","R",13,257.6,-2,1,-2,0,-0.4,-0.5,-4,1,-0.9,-4,-0.7,-1.2
"Mikko Rantanen","24-25","COL","R",49,1102.4,5,-2,0.1,0,-0.4,0.9,5,-2,0.5,3.5,0.6,1.1
"Mikko Rantanen","24-25","DAL","R",19,361.2,1.9,-1.8,-0.4,0,-0.4,-0.5,1.5,-1.8,-0.9,-1.2,-0.2,-0.4
"Miles Wood","24-25","COL","L",37,420.1,1.1,-0.9,0,0.5,-0.6,0.3,1.1,-0.4,-0.2,0.5,0.1,0.2
"Miro Heiskanen","24-25","DAL","D",50,1258,-0.3,2.7,-2.9,1.1,1.6,0.4,-3.2,3.9,2,2.7,0.4,0.8
"Mitch Marner","24-25","TOR","R",80,1710,12.4,-1.4,4.4,-0.8,2.3,0.6,16.7,-2.2,2.8,17.4,2.8,5.4
"Mitchell Chaffee","24-25","T.B","R",66,794.3,0.5,-4,-1.7,0,0.8,0.4,-1.3,-4,1.2,-4.1,-0.7,-1.3
"Mitchell Stephens","24-25","SEA","C",28,258.3,-1.8,-0.5,0,0.1,0,-0.1,-1.8,-0.4,-0.2,-2.4,-0.4,-0.7
"Morgan Barron","24-25","WPG","C",73,755,-0.6,0.9,0.1,-0.6,0.3,0.6,-0.5,0.3,0.9,0.7,0.1,0.2
"Morgan Frost","24-25","CGY","C",31,517.4,-1.4,-0.6,-0.4,0,0.1,-0.8,-1.7,-0.6,-0.7,-3.1,-0.5,-1
"Morgan Frost","24-25","PHI","C",49,744.2,1.1,3.8,1.1,0,0.1,0.5,2.2,3.8,0.6,6.6,1.1,2.1
"Morgan Geekie","24-25","BOS","C",77,1302.9,12.9,2.5,1,0,0.8,-0.5,13.9,2.5,0.3,16.7,2.7,5.2
"Morgan Rielly","24-25","TOR","D",81,1732.6,3.4,0.4,3.1,-0.3,2.1,-0.5,6.5,0.1,1.5,8.1,1.3,2.5
"Moritz Seider","24-25","DET","D",80,2007.9,1.9,3.5,3.7,0.7,0.8,1.8,5.6,4.2,2.6,12.4,2,3.9
"Nate Schmidt","24-25","FLA","D",80,1322.3,-0.1,6.2,-1.2,1.9,1.2,0.3,-1.2,8.1,1.5,8.3,1.4,2.6
"Nathan Bastian","24-25","N.J","R",58,629.4,-2.9,3.1,0.2,0.7,-0.1,-0.1,-2.8,3.8,-0.2,0.8,0.1,0.3
"Nathan MacKinnon","24-25","COL","C",79,1799.8,7.3,-0.1,4.6,0,1.9,1.5,11.8,-0.1,3.4,15.2,2.5,4.7
"Nathan Walker","24-25","STL","L",73,883.8,-0.9,1.1,-0.1,-1.4,0.2,0.2,-1,-0.3,0.4,-0.9,-0.1,-0.3
"Nazem Kadri","24-25","CGY","C",81,1570.3,0.2,-2,1.4,0.1,-0.1,3.7,1.6,-2,3.7,3.3,0.5,1
"Neal Pionk","24-25","WPG","D",68,1504,2.2,3.1,3.1,-1.5,0.7,-0.6,5.4,1.6,0,7,1.1,2.2
"Nic Dowd","24-25","WSH","C",81,1229,2,3.4,0,1,-0.5,0.2,2,4.5,-0.4,6.1,1,1.9
"Nicholas Robertson","24-25","TOR","L",68,814.9,1.8,1.9,-1.5,0,0.2,0.5,0.2,1.9,0.7,2.8,0.5,0.9
"Nick Bjugstad","24-25","UTA","C",66,812.9,2.4,-1.2,-0.8,0,0.3,0,1.6,-1.2,0.2,0.7,0.1,0.2
"Nick Blankenburg","24-25","NSH","D",59,1153.2,2.1,1.7,0.3,-0.4,0.2,0.9,2.4,1.3,1.1,4.8,0.8,1.5
"Nick Cousins","24-25","OTT","C",49,583.1,3.1,1.2,0,0,-0.9,0.2,3.1,1.2,-0.7,3.5,0.6,1.1
"Nick Desimone","24-25","UTA","D",20,311.6,-0.1,1,0,-0.2,0.6,-0.3,-0.1,0.8,0.3,1.1,0.2,0.3
"Nick Foligno","24-25","CHI","L",78,1242.1,4.7,0.6,1.7,-2.8,0.7,-0.7,6.4,-2.1,0,4.3,0.7,1.3
"Nick Jensen","24-25","OTT","D",70,1415.8,6.7,1.6,-0.6,-2,2.3,0.3,6.1,-0.5,2.6,8.3,1.4,2.6
"Nick Leddy","24-25","STL","D",31,578.8,3.7,-1,0,0,1,0,3.7,-1,1,3.7,0.6,1.1
"Nick Paul","24-25","T.B","L",75,1233.2,1.8,0.4,0.1,1.7,1.6,-1.6,1.9,2,0.1,4,0.7,1.3
"Nick Perbix","24-25","T.B","D",73,1069.5,4.7,1.9,0,-0.4,0.5,-0.3,4.7,1.5,0.2,6.4,1.1,2
"Nick Schmaltz","24-25","UTA","C",82,1524.2,6,-0.9,4.5,-1.5,2,0.2,10.6,-2.4,2.2,10.3,1.7,3.2
"Nick Seeler","24-25","PHI","D",76,1310.7,3.4,2.2,0,0.3,0.9,-0.1,3.4,2.5,0.8,6.7,1.1,2.1
"Nick Suzuki","24-25","MTL","C",81,1623.3,14.5,-2.9,1.7,1.8,2.5,-0.4,16.3,-1.1,2.1,17.3,2.8,5.4
"Nico Hischier","24-25","N.J","C",75,1529.1,5.3,0.1,8,-1.8,2.1,2,13.4,-1.7,4.1,15.7,2.6,4.9
"Nico Sturm","24-25","FLA","C",15,169.4,-1.3,-0.1,0,0.1,0.2,0,-1.3,0,0.2,-1.1,-0.2,-0.3
"Nico Sturm","24-25","S.J","C",47,476.1,3,-1,0,-0.8,0.2,-0.4,2.9,-1.8,-0.1,1,0.2,0.3
"Nicolas Aube-Kubel","24-25","BUF","R",19,181.1,-0.9,0.8,0,0,-0.6,0,-0.9,0.8,-0.5,-0.7,-0.1,-0.2
"Nicolas Deslauriers","24-25","PHI","L",30,226.1,0.3,-0.5,0,0,0.5,-0.4,0.3,-0.5,0,-0.1,0,0
"Nicolas Hague","24-25","VGK","D",67,1136.1,-1.6,0,0,-1.4,1,0,-1.6,-1.4,1.1,-1.9,-0.3,-0.6
"Nicolas Roy","24-25","VGK","C",70,1061.6,-0.8,-1.2,-0.3,-0.8,-0.3,-0.7,-1.1,-1.9,-1,-4.1,-0.7,-1.3
"Nikita Grebenkin","24-25","TOR","R",7,61.2,-1,-0.6,0.1,0,0,0.1,-1,-0.6,0,-1.6,-0.3,-0.5
"Nikita Kucherov","24-25","T.B","R",77,1639,17,-1.6,5.3,0,0.5,2.1,22.3,-1.6,2.5,23.3,3.8,7.2
"Nikita Nesterenko","24-25","ANA","C",20,206.3,1.3,0.8,0,0,0.2,0,1.3,0.8,0.2,2.3,0.4,0.7
"Nikita Prishchepov","24-25","COL","C",10,63.7,0.3,0.3,0,0,0.1,0,0.3,0.3,0.2,0.8,0.1,0.3
"Nikita Zadorov","24-25","BOS","D",81,1668.6,2.8,1.5,-0.3,0.8,-2.9,0.5,2.5,2.3,-2.4,2.4,0.4,0.8
"Niko Mikkola","24-25","FLA","D",76,1534.8,2.3,7.6,-0.2,2.1,-1.1,0.4,2.1,9.7,-0.7,11,1.8,3.4
"Nikolai Kovalenko","24-25","COL","R",28,336.1,1.9,1.4,0.4,0,-0.5,0.8,2.3,1.4,0.3,4,0.7,1.2
"Nikolai Kovalenko","24-25","S.J","R",28,352,3,-2.5,0.7,0,0.1,0.2,3.7,-2.5,0.3,1.5,0.3,0.5
"Nikolaj Ehlers","24-25","WPG","L",69,1090,6.7,0.6,2.9,0,1.6,2.1,9.7,0.6,3.7,14,2.3,4.4
"Nikolas Matinpalo","24-25","OTT","D",40,501.4,-1.3,-0.4,0,0,-0.3,0.1,-1.3,-0.4,-0.2,-1.9,-0.3,-0.6
"Nils Aman","24-25","VAN","C",19,199.2,0.2,-0.8,0,0,0.2,-0.4,0.2,-0.8,-0.1,-0.7,-0.1,-0.2
"Nils Hoglander","24-25","VAN","L",71,859.4,4.6,2.6,-0.2,0,-0.5,1.3,4.4,2.6,0.8,7.8,1.3,2.4
"Nils Lundkvist","24-25","DAL","D",39,585.4,-1.7,1.9,-0.1,0,-0.7,-0.1,-1.9,1.9,-0.9,-0.9,-0.1,-0.3
"Nino Niederreiter","24-25","WPG","R",81,1201.7,4.3,-1.6,2.8,0,-0.1,-0.1,7.1,-1.6,-0.1,5.3,0.9,1.6
"Noah Cates","24-25","PHI","L",77,1223.3,4.5,-0.4,-1.2,0,1.6,-0.3,3.3,-0.4,1.3,4.2,0.7,1.3
"Noah Dobson","24-25","NYI","D",70,1628.1,1.1,6.1,-0.3,0.6,0.6,0.3,0.8,6.6,0.9,8.4,1.4,2.6
"Noah Gregor","24-25","OTT","L",40,453.8,-4.2,-1.8,0,-0.5,0.1,-0.2,-4.2,-2.3,-0.2,-6.7,-1.1,-2.1
"Noah Gregor","24-25","S.J","L",11,111.6,-0.8,0.6,0,0,-0.3,0,-0.8,0.6,-0.3,-0.6,-0.1,-0.2
"Noah Hanifin","24-25","VGK","D",80,1724.2,6.1,-1.5,3.6,-1.6,2.1,-0.8,9.6,-3.1,1.3,7.8,1.3,2.4
"Noah Juulsen","24-25","VAN","D",35,570.2,-3,0.5,0,-0.5,0.4,-0.4,-3,0,0,-2.9,-0.5,-0.9
"Noah Ostlund","24-25","BUF","C",7,75.1,-1.5,0,-0.1,0,-0.1,0,-1.5,0,0,-1.5,-0.2,-0.5
"Noah Philp","24-25","EDM","C",15,136.1,0.6,0.1,0,0,0.1,-0.3,0.6,0.1,-0.1,0.6,0.1,0.2
"Noel Acciari","24-25","PIT","C",79,1087,-2,1.7,0,-0.4,1.1,0.2,-1.9,1.3,1.3,0.7,0.1,0.2
"Nolan Allan","24-25","CHI","D",43,650.5,-1.3,-3,0,0.2,-0.1,-0.6,-1.3,-2.8,-0.7,-4.8,-0.8,-1.5
"Nolan Foote","24-25","N.J","L",6,54.4,0.8,0.4,0,0,0.1,-0.1,0.8,0.4,0,1.3,0.2,0.4
"Olen Zellweger","24-25","ANA","D",62,1175.4,4,-1.5,-1.2,0,0.5,1,2.8,-1.5,1.5,2.8,0.5,0.9
"Oliver Bjorkstrand","24-25","SEA","R",61,943.9,3.7,2.3,0,0,1.6,-0.9,3.7,2.3,0.8,6.7,1.1,2.1
"Oliver Bjorkstrand","24-25","T.B","R",18,252.8,0.7,2,0.7,0,0.4,-0.5,1.4,2,-0.1,3.3,0.5,1
"Oliver Ekman-Larsson","24-25","TOR","D",77,1622.3,3.5,-0.6,1.8,1.8,-0.1,-0.1,5.3,1.2,-0.2,6.3,1,1.9
"Oliver Kapanen","24-25","MTL","C",18,196,-1,-2.8,-0.5,0,0.2,0.2,-1.5,-2.8,0.4,-3.9,-0.6,-1.2
"Oliver Kylington","24-25","ANA","D",6,64.8,-0.4,0.6,0,0,-0.3,-0.1,-0.4,0.6,-0.3,-0.1,0,0
"Oliver Kylington","24-25","COL","D",13,168.8,-0.7,-0.3,0,0,0,-0.2,-0.7,-0.2,-0.2,-1.1,-0.2,-0.4
"Oliver Moore","24-25","CHI","C",9,122.2,1.2,-0.3,0,0,-0.1,0,1.2,-0.4,-0.2,0.7,0.1,0.2
"Oliver Wahlstrom","24-25","BOS","R",16,168.1,-0.6,0.7,-0.2,0,-0.8,0,-0.8,0.7,-0.8,-0.9,-0.2,-0.3
"Oliver Wahlstrom","24-25","NYI","R",27,271.6,-2.7,0.2,-0.8,0,0.2,0.1,-3.5,0.2,0.3,-3,-0.5,-0.9
"Olle Lycksell","24-25","PHI","R",19,225.9,-2.5,0.8,0.2,0,0.3,0.1,-2.4,0.8,0.4,-1.2,-0.2,-0.4
"Olli Maatta","24-25","DET","D",7,111.1,-0.1,-0.8,0,0,0.2,0.1,-0.1,-0.8,0.3,-0.7,-0.1,-0.2
"Olli Maatta","24-25","UTA","D",70,1394.5,-4.4,9.2,0,-0.1,1.6,0.2,-4.4,9.1,1.8,6.5,1.1,2
"Ondrej Palat","24-25","N.J","L",77,1059.1,1.2,-4.9,-2.3,0.4,1.1,1.7,-1.2,-4.6,2.8,-2.9,-0.5,-0.9
"Oskar Back","24-25","DAL","C",73,854.4,-3.9,2.7,0,-0.8,1,0,-3.9,1.8,1,-1.1,-0.2,-0.3
"Oskar Sundqvist","24-25","STL","C",67,885.1,-2.4,5.6,-0.1,0.7,-0.5,0.8,-2.5,6.2,0.3,4,0.7,1.2
"Owen Beck","24-25","MTL","C",12,119.8,-1.3,0.3,0,0,0.2,0.2,-1.3,0.3,0.5,-0.6,-0.1,-0.2
"Owen Pickering","24-25","PIT","D",25,370.4,-1,0.5,0,-0.6,0.2,0,-1,-0.1,0.2,-0.9,-0.1,-0.3
"Owen Power","24-25","BUF","D",79,1683.7,5.1,1.9,-0.6,2.5,2.1,-0.4,4.5,4.4,1.6,10.5,1.7,3.3
"Owen Tippett","24-25","PHI","R",76,1218.1,5.3,3.7,2.5,0,1.5,-0.9,7.8,3.7,0.6,12.1,2,3.8
"Ozzy Wiesblatt","24-25","NSH","C",5,55.5,0.4,0.2,0,0,0.1,0.1,0.4,0.2,0.2,0.8,0.1,0.3
"Parker Kelly","24-25","COL","C",80,1019.5,-2.8,3.3,0,-1.9,0.5,0,-2.8,1.5,0.5,-0.8,-0.1,-0.2
"Parker Wotherspoon","24-25","BOS","D",55,991.6,-2.8,5.7,-0.1,-1.8,1.6,-0.1,-2.9,3.9,1.5,2.6,0.4,0.8
"Patrick Brown","24-25","BOS","C",15,158.5,-1.7,-1,0,0.3,-0.5,-0.1,-1.7,-0.7,-0.6,-3,-0.5,-0.9
"Patrick Giles","24-25","FLA","R",9,66.4,-0.8,-1.3,0,0,0.1,-0.1,-0.8,-1.3,0,-2.1,-0.3,-0.6
"Patrick Giles","24-25","S.J","R",8,90.5,-0.6,1.3,0,0,0.2,-0.2,-0.6,1.3,0,0.7,0.1,0.2
"Patrick Kane","24-25","DET","R",70,1258.2,1.5,-7,4.8,0,1.5,-0.7,6.3,-7,0.8,0,0,0
"Patrick Maroon","24-25","CHI","L",68,784.7,2.7,-5.9,0.4,0,0,-0.4,3.1,-5.9,-0.5,-3.2,-0.5,-1
"Patrik Laine","24-25","MTL","L",51,732,1.2,-3,2,0,0.4,-0.5,3.2,-3,-0.1,0.1,0,0
"Paul Cotter","24-25","N.J","C",79,1033.2,-1.4,1.6,-0.9,0,-0.5,0.2,-2.3,1.6,-0.3,-0.9,-0.1,-0.3
"Pavel Buchnevich","24-25","STL","L",76,1445.8,9.2,-4.8,0.2,-1.6,1.5,-1.4,9.4,-6.4,0.1,3.1,0.5,1
"Pavel Dorofeyev","24-25","VGK","L",81,1333.8,3.5,3.6,3.2,0,0.3,-0.3,6.7,3.6,-0.1,10.2,1.7,3.2
"Pavel Mintyukov","24-25","ANA","D",67,1180.6,7.2,-5.7,0,-0.1,0.5,-0.3,7.2,-5.8,0.2,1.7,0.3,0.5
"Pavel Zacha","24-25","BOS","C",82,1561.8,6.1,0.3,-1.2,1.7,2,-1.6,4.9,2,0.3,7.3,1.2,2.3
"Peyton Krebs","24-25","BUF","C",80,1113.3,3.4,0.1,-0.4,-0.5,0.8,1,3,-0.4,1.8,4.4,0.7,1.4
"Philip Broberg","24-25","STL","D",68,1394,3.3,3.2,-0.6,0.9,1.7,0.3,2.7,4,1.9,8.6,1.4,2.7
"Philip Tomasino","24-25","NSH","C/R",11,124.3,0.1,-0.2,-0.3,0,0.3,0.1,-0.2,-0.2,0.4,0,0,0
"Philip Tomasino","24-25","PIT","R",49,657.4,-0.6,-1.7,4.6,0,0.7,-0.1,3.9,-1.7,0.5,2.8,0.5,0.9
"Philipp Kurashev","24-25","CHI","C",51,699.7,-3.7,0.8,-0.4,0.8,0.4,0,-4.1,1.6,0.4,-2.1,-0.3,-0.7
"Philippe Myers","24-25","TOR","D",35,564.5,-2.2,0.1,0,-0.8,0.3,-0.2,-2.2,-0.7,0.1,-2.9,-0.5,-0.9
"Phillip Danault","24-25","L.A","C",80,1414.3,7.3,1.7,-1.5,-0.5,1,-0.1,5.9,1.3,0.9,8,1.3,2.5
"Phillip Di Giuseppe","24-25","VAN","L",20,231.3,0.6,-0.2,0,-0.1,0.1,0.3,0.6,-0.3,0.4,0.7,0.1,0.2
"Pierre-Luc Dubois","24-25","WSH","L",81,1404.4,14.7,3.7,1.2,0.1,-1.8,1.3,15.9,3.8,-0.6,19.1,3.1,5.9
"Pierre-Olivier Joseph","24-25","PIT","D",24,415.8,-5,-1.3,0,-0.7,-1.1,0,-5,-2,-1.1,-8.1,-1.3,-2.5
"Pierre-Olivier Joseph","24-25","STL","D",23,301.4,-0.6,-1.1,0,0.2,0,0.1,-0.6,-0.8,0.1,-1.3,-0.2,-0.4
"Pierre Engvall","24-25","NYI","L",61,718.3,0.3,-0.1,-0.1,0,-0.3,-1,0.2,-0.1,-1.2,-1.1,-0.2,-0.4
"Pius Suter","24-25","VAN","C",80,1387.1,5.7,3.8,-0.6,1.6,1.3,-1.5,5.1,5.4,-0.2,10.3,1.7,3.2
"Pontus Holmberg","24-25","TOR","R",67,845.1,-3.4,4.5,0.1,-1,-0.4,3.5,-3.2,3.4,3.2,3.4,0.6,1.1
"Quinn Hughes","24-25","VAN","D",67,1724.3,10.2,0.2,3,0.1,2.1,1,13.2,0.3,3,16.5,2.7,5.1
"Quinton Byfield","24-25","L.A","R",80,1489.2,10.9,3.3,1.9,-0.6,-1.1,2,12.8,2.7,0.9,16.4,2.7,5.1
"Radek Faksa","24-25","STL","C",70,911.6,1.9,0.8,-0.2,-1.6,-0.9,-0.3,1.6,-0.8,-1.1,-0.3,0,-0.1
"Radko Gudas","24-25","ANA","D",80,1586.6,-0.2,1.5,0,-2.3,-2.3,0.2,-0.3,-0.8,-2.1,-3.2,-0.5,-1
"Raphael Lavoie","24-25","VGK","C",9,90.7,-1.3,0.1,0.1,0,0,0,-1.2,0.1,0,-1.1,-0.2,-0.3
"Rasmus Andersson","24-25","CGY","D",81,1942.7,-5.8,-4,0.1,-1.5,0.8,-0.3,-5.7,-5.5,0.5,-10.8,-1.8,-3.4
"Rasmus Dahlin","24-25","BUF","D",72,1745.9,7.4,6.3,0.8,-0.9,-0.5,2.3,8.2,5.4,1.8,15.4,2.5,4.8
"Rasmus Kupari","24-25","WPG","C",59,605,-3.6,1.9,0,-2.1,0.2,0.6,-3.6,-0.2,0.7,-3.1,-0.5,-1
"Rasmus Ristolainen","24-25","PHI","D",63,1293,1.9,1.7,-0.1,1.6,1.3,-0.1,1.9,3.3,1.1,6.3,1,2
"Rasmus Sandin","24-25","WSH","D",81,1549.8,8.1,4.5,0.7,0.4,1.6,0.2,8.7,4.9,1.8,15.4,2.5,4.8
"Reilly Smith","24-25","NYR","R",58,904.6,3.3,-0.6,0.5,1.8,-0.2,-0.6,3.7,1.2,-0.8,4.1,0.7,1.3
"Reilly Smith","24-25","VGK","R",20,302,1.9,1.1,0.3,0.4,0.4,-0.4,2.2,1.5,0,3.8,0.6,1.2
"Rickard Rakell","24-25","PIT","R",80,1546.3,10.1,2.4,1.2,0,2.3,-0.8,11.3,2.4,1.5,15.2,2.5,4.7
"Ridly Greig","24-25","OTT","C",77,1316.4,2.3,0.3,0.8,-1.2,-1,-0.2,3,-1,-1.2,0.8,0.1,0.3
"Riley Tufte","24-25","BOS","L",6,55.2,-1,-0.1,0,0,-0.2,0.1,-1,-0.1,-0.1,-1.2,-0.2,-0.4
"Robby Fabbri","24-25","ANA","C",44,713,-2.2,-7.5,-1.7,-2.1,-0.5,-0.1,-3.9,-9.5,-0.6,-14,-2.3,-4.4
"Robert Bortuzzo","24-25","UTA","D",17,186.2,-2.3,2.9,0,0.7,-0.8,0.2,-2.3,3.5,-0.6,0.7,0.1,0.2
"Robert Thomas","24-25","STL","C",70,1397.1,13.5,-2.5,1.7,-1.9,1.6,-0.2,15.2,-4.4,1.4,12.2,2,3.8
"Rodrigo Abols","24-25","PHI","C",22,202.2,0.2,-0.3,0,0,0.1,0,0.2,-0.3,0,0,0,0
"Roman Josi","24-25","NSH","D",53,1326.7,3.3,-2.2,1.8,-0.6,1,0.2,5.1,-2.8,1.1,3.5,0.6,1.1
"Roope Hintz","24-25","DAL","C",75,1265.2,8.8,-2.5,3.2,0,0,1.1,12,-2.5,1.1,10.6,1.7,3.3
"Rory Kerins","24-25","CGY","C",5,61.1,1.5,0,0.1,0,0.1,0.1,1.6,0,0.2,1.8,0.3,0.6
"Ross Colton","24-25","COL","C",61,879.6,1,3.2,2.5,-0.2,0.5,0.1,3.6,3,0.6,7.1,1.2,2.2
"Ross Johnston","24-25","ANA","L",43,373.7,-2.3,-0.2,0,0,-0.6,-0.4,-2.3,-0.2,-1,-3.6,-0.6,-1.1
"Rutger McGroarty","24-25","PIT","R",8,116.9,-0.9,0.8,0.1,0,0.2,0,-0.8,0.8,0.2,0.2,0,0.1
"Ryan Donato","24-25","CHI","C",80,1304.7,8.7,-4.1,1.5,0,0.7,-0.3,10.2,-4.2,0.4,6.4,1.1,2
"Ryan Graves","24-25","PIT","D",60,900.4,-2.5,3.6,0,0.1,0.5,1.3,-2.5,3.7,1.8,3.1,0.5,1
"Ryan Hartman","24-25","MIN","R",69,1033,2.5,1.1,1,0,-0.5,2.4,3.5,1.1,1.9,6.5,1.1,2
"Ryan Johnson (D)","24-25","BUF","D",3,53,-1.3,-0.3,0,0,-0.3,-0.1,-1.3,-0.3,-0.4,-2,-0.3,-0.6
"Ryan Leonard","24-25","WSH","R",8,111.1,-2.2,0.2,0,0,-0.1,0.6,-2.2,0.2,0.4,-1.5,-0.2,-0.5
"Ryan Lindgren","24-25","COL","D",18,341.9,-2.2,0.2,0,-0.2,0.3,0.4,-2.2,0,0.7,-1.5,-0.3,-0.5
"Ryan Lindgren","24-25","NYR","D",54,1076.8,0.4,-0.6,0,-1.5,-1.1,0.8,0.4,-2.2,-0.3,-2.1,-0.3,-0.6
"Ryan Lomberg","24-25","CGY","L",79,679.1,-0.8,0.8,0,0,-0.3,-0.3,-0.9,0.8,-0.6,-0.7,-0.1,-0.2
"Ryan McDonagh","24-25","T.B","D",81,1655.2,5.8,4.1,0.3,3,1.3,-1,6.1,7,0.3,13.4,2.2,4.2
"Ryan McLeod","24-25","BUF","C",78,1309.3,7.5,0.1,-0.2,2.7,1.5,-0.4,7.3,2.8,1.1,11.2,1.8,3.5
"Ryan Nugent-Hopkins","24-25","EDM","C",77,1464.8,2.3,1.3,2.4,-0.9,0.6,-1.5,4.6,0.4,-0.9,4.1,0.7,1.3
"Ryan O'Reilly","24-25","NSH","C",78,1483.3,4.4,-0.4,3,-1.6,1.8,-0.6,7.4,-2,1.2,6.6,1.1,2.1
"Ryan Poehling","24-25","PHI","C",67,928.1,4.1,3.5,0.8,-0.9,0.5,-0.5,4.8,2.7,0,7.5,1.2,2.3
"Ryan Pulock","24-25","NYI","D",74,1560.8,-1.3,-1.8,-0.1,-1.1,1.6,0.1,-1.4,-2.9,1.8,-2.5,-0.4,-0.8
"Ryan Reaves","24-25","TOR","R",35,273,-2.9,-0.5,0,0,0.2,-0.2,-2.9,-0.5,0.1,-3.3,-0.5,-1
"Ryan Shea","24-25","PIT","D",38,631.3,-1.9,2.6,0,1.5,0,-0.1,-1.9,4.1,0,2.2,0.4,0.7
"Ryan Strome","24-25","ANA","C",81,1357.2,5.6,-2.5,-4.2,0,-0.6,-1.6,1.4,-2.5,-2.3,-3.3,-0.5,-1
"Ryan Suter","24-25","STL","D",82,1596.6,0.9,-5,0.1,2,1,-0.8,1,-3,0.1,-1.9,-0.3,-0.6
"Ryan Winterton","24-25","SEA","C",12,130,-0.9,0.8,0,0,0.3,0.1,-0.9,0.8,0.4,0.3,0.1,0.1
"Ryker Evans","24-25","SEA","D",73,1422.1,-2.1,5.4,-0.8,-0.3,-0.2,0.5,-2.9,5.2,0.3,2.6,0.4,0.8
"Sam Bennett","24-25","FLA","C",76,1326.5,6,-4.3,2.4,0,-2,0.5,8.4,-4.3,-1.5,2.6,0.4,0.8
"Sam Carrick","24-25","NYR","C",79,939.5,0.7,2.1,0,-0.3,-1.2,-0.7,0.7,1.7,-1.9,0.6,0.1,0.2
"Sam Colangelo","24-25","ANA","R",31,386,5.1,-0.8,0.3,0,0.6,-0.4,5.4,-0.8,0.3,4.8,0.8,1.5
"Sam Lafferty","24-25","BUF","C",59,583.8,-4.3,-0.3,0,-0.2,-0.7,-0.1,-4.3,-0.5,-0.8,-5.7,-0.9,-1.8
"Sam Malinski","24-25","COL","D",76,1212.2,5,3.9,0,0.9,1.1,0.2,5,4.8,1.3,11.1,1.8,3.4
"Sam Poulin","24-25","PIT","R",6,60.6,0.1,-0.1,0,0,-0.1,0.1,0.1,-0.1,0,0,0,0
"Sam Reinhart","24-25","FLA","C",79,1619.7,6.1,8.1,5.7,-0.7,1.9,-1.2,11.8,7.4,0.7,19.9,3.3,6.2
"Sam Rinzel","24-25","CHI","D",9,210.2,0.2,-2,0.2,-0.4,0.4,0,0.4,-2.4,0.4,-1.5,-0.2,-0.5
"Sam Steel","24-25","DAL","C",78,1104.7,-5.2,2,0,0.7,0.2,1.4,-5.2,2.7,1.6,-0.8,-0.1,-0.3
"Samuel Girard","24-25","COL","D",73,1522,6,-2.7,-1.5,1.4,1.8,0.4,4.5,-1.4,2.1,5.3,0.9,1.6
"Samuel Helenius","24-25","L.A","C",49,420.5,-1.4,0.7,0,0,0.2,-0.6,-1.4,0.7,-0.4,-1.1,-0.2,-0.3
"Samuel Honzek","24-25","CGY","L",5,62,-0.3,-0.5,-0.1,0,0,0.1,-0.4,-0.5,0,-0.9,-0.1,-0.3
"Scott Laughton","24-25","PHI","C",60,906,0.3,0.7,-0.2,0.4,0.8,-0.6,0.1,1.1,0.2,1.5,0.2,0.5
"Scott Laughton","24-25","TOR","C",19,246.2,-1.4,1.7,0,0.3,-0.1,-0.3,-1.4,2,-0.4,0.2,0,0.1
"Scott Mayfield","24-25","NYI","D",65,1100.9,5.5,-0.8,0,-1,0.2,0.8,5.5,-1.8,1,4.7,0.8,1.5
"Scott Morrow","24-25","CAR","D",12,186.1,1.6,-4.4,-0.1,0,0.4,0,1.5,-4.4,0.4,-2.5,-0.4,-0.8
"Scott Perunovich","24-25","NYI","D",10,191.1,2.4,0.1,-0.3,0,0,0.2,2.2,0.1,0.2,2.4,0.4,0.8
"Scott Perunovich","24-25","STL","D",24,350.8,2.5,1,0.1,0,0.2,0.7,2.6,1,0.9,4.6,0.8,1.4
"Seamus Casey","24-25","N.J","D",13,166.1,2.2,-0.1,0.2,0,0.3,0.2,2.4,-0.1,0.5,2.8,0.5,0.9
"Sean Couturier","24-25","PHI","C",78,1345.1,8.6,0.5,-1.3,1,-0.3,0.1,7.3,1.5,-0.3,8.5,1.4,2.6
"Sean Durzi","24-25","UTA","D",30,619.4,3.8,1.1,0.2,0.1,0.1,-0.1,4,1.1,0.1,5.2,0.9,1.6
"Sean Kuraly","24-25","CBJ","C",81,950.4,0.7,0.6,0,0.3,-0.2,-0.1,0.6,0.9,-0.4,1.2,0.2,0.4
"Sean Monahan","24-25","CBJ","C",53,1012.7,11.1,0.4,4.4,1.3,0.3,-1.1,15.5,1.7,-0.8,16.4,2.7,5.1
"Sean Walker","24-25","CAR","D",80,1338.3,-3.8,2.2,-1.1,0.3,-1,-0.3,-5,2.5,-1.2,-3.7,-0.6,-1.1
"Sebastian Aho","24-25","CAR","C",79,1587.9,9.7,-0.7,2.1,-0.1,-0.6,0.3,11.8,-0.8,-0.3,10.7,1.8,3.3
"Seth Jarvis","24-25","CAR","C",73,1413,3.5,5.1,1.5,0.8,1.9,1.2,5,5.9,3,14,2.3,4.3
"Seth Jones","24-25","CHI","D",42,1029.2,4.5,-2.5,3,1.4,0.6,-0.5,7.5,-1,0.1,6.6,1.1,2.1
"Seth Jones","24-25","FLA","D",21,523.2,-4.2,-0.4,1.2,1,0.7,-0.3,-3,0.6,0.4,-1.9,-0.3,-0.6
"Shakir Mukhamadullin","24-25","S.J","D",30,542,-2.7,1.6,0.8,1.2,0.5,-0.2,-1.8,2.8,0.4,1.3,0.2,0.4
"Shane Pinto","24-25","OTT","C",69,1212.4,5.9,2.3,-1.1,-1.9,0.9,0.7,4.8,0.4,1.6,6.8,1.1,2.1
"Shane Wright","24-25","SEA","C",79,1111.4,10.2,-2.3,2.6,0,0.7,-0.5,12.9,-2.4,0.2,10.7,1.8,3.3
"Shayne Gostisbehere","24-25","CAR","D",68,1257.3,3.5,1.3,4.6,0.2,-0.7,0.2,8.1,1.5,-0.5,9.1,1.5,2.8
"Shea Theodore","24-25","VGK","D",66,1451.8,3.5,0.6,1.7,0.2,0.9,-0.3,5.3,0.8,0.6,6.6,1.1,2
"Sidney Crosby","24-25","PIT","C",79,1612.1,12.1,-2.2,3.2,0,1.3,-0.3,15.2,-2.2,1,14,2.3,4.4
"Simon Benoit","24-25","TOR","D",77,1270.8,2.5,-5.3,0,-2.6,-0.4,-0.1,2.5,-7.9,-0.5,-5.8,-1,-1.8
"Simon Edvinsson","24-25","DET","D",76,1600.3,4.6,2.4,-0.2,0,-0.4,0.5,4.4,2.5,0.1,7,1.2,2.2
"Simon Holmstrom","24-25","NYI","R",74,1251.4,9.2,-0.3,-1.5,-1.5,1.9,-0.1,7.8,-1.8,1.8,7.7,1.3,2.4
"Simon Nemec","24-25","N.J","D",26,382.7,-3.3,-5.2,1.1,0,-0.3,0,-2.2,-5.2,-0.3,-7.7,-1.3,-2.4
"Spencer Stastney","24-25","NSH","D",23,372,-2.8,-0.7,0,1,0.4,-0.2,-2.8,0.2,0.2,-2.3,-0.4,-0.7
"Stefan Noesen","24-25","N.J","R",78,1242.8,4.6,0.3,2.5,0.2,0.3,-1.2,7.1,0.5,-0.9,6.7,1.1,2.1
"Steven Lorentz","24-25","TOR","C",79,829.2,2.6,3.5,0,3.2,1.2,-0.5,2.6,6.6,0.8,10,1.6,3.1
"Steven Stamkos","24-25","NSH","C",81,1460.3,3,-1.3,0.9,0,-1.1,-0.4,4,-1.3,-1.6,1.1,0.2,0.3
"Tage Thompson","24-25","BUF","C",75,1406.1,11.5,-2.1,1.2,0.1,0.9,-0.8,12.7,-2.1,0.1,10.7,1.8,3.3
"Tanner Jeannot","24-25","L.A","L",67,738.1,-0.4,2,0,0,-0.8,0.5,-0.4,2,-0.4,1.2,0.2,0.4
"Tanner Laczynski","24-25","VGK","C",8,68.8,-1,0.3,0,0,-0.4,0.1,-1,0.3,-0.3,-1,-0.2,-0.3
"Tanner Pearson","24-25","VGK","L",77,907.9,-0.2,-6.3,0,-0.1,1.4,0,-0.2,-6.4,1.4,-5.2,-0.9,-1.6
"Taylor Hall","24-25","CAR","L",29,446.5,1.2,-2.8,0.8,0,-0.5,0.5,1.9,-2.8,0,-0.8,-0.1,-0.3
"Taylor Hall","24-25","CHI","L",46,689.4,3.7,-1.4,-0.7,0,-0.1,-0.1,3,-1.4,-0.1,1.4,0.2,0.4
"Taylor Raddysh","24-25","WSH","R",79,975,3.7,0.7,0.4,0,0.4,0.2,4.1,0.7,0.6,5.4,0.9,1.7
"Teddy Blueger","24-25","VAN","C",81,1159.3,-0.2,-0.7,0,1.2,0,-1.1,-0.2,0.5,-1.1,-0.8,-0.1,-0.2
"Teuvo Teravainen","24-25","CHI","C",82,1399,2.7,3.8,5.2,-2.1,1.8,-0.8,7.8,1.7,0.9,10.5,1.7,3.3
"Thomas Chabot","24-25","OTT","D",80,1842,12.2,-0.1,2.1,0.9,1.5,0.4,14.3,0.8,1.9,17,2.8,5.3
"Thomas Harley","24-25","DAL","D",77,1801.1,14.8,3.3,5.4,2.3,2.3,-1.1,20.3,5.6,1.2,27.1,4.4,8.4
"Thomas Novak","24-25","NSH","C",52,688.5,1.5,0.1,-0.1,0,1,-0.6,1.4,0.1,0.4,2,0.3,0.6
"Tim St√ºtzle","24-25","OTT","C",81,1606.8,10.8,4,4.1,0,0.8,3.1,14.8,4,3.9,22.8,3.7,7.1
"Timo Meier","24-25","N.J","R",80,1428.7,4.4,2.6,2.1,0,0.3,0,6.6,2.6,0.3,9.4,1.5,2.9
"Timothy Liljegren","24-25","S.J","D",66,1269.2,-0.5,4.3,-2.2,-3.2,-1,-0.1,-2.7,1.1,-1.1,-2.6,-0.4,-0.8
"Tj Brodie","24-25","CHI","D",54,844.1,-3.6,3.2,0,0.2,0,-0.2,-3.6,3.4,-0.2,-0.5,-0.1,-0.2
"Tj Tynan","24-25","COL","C",9,70.7,-0.6,0.1,0,0,-0.2,-0.1,-0.6,0.1,-0.4,-0.8,-0.1,-0.3
"Tobias Bjornfot","24-25","FLA","D",14,183.3,0.2,0.9,0,0,0.2,0,0.2,0.9,0.2,1.3,0.2,0.4
"Tom Wilson","24-25","WSH","R",80,1502.8,8.9,2.5,4.1,0.7,0.1,1.6,13.1,3.2,1.7,17.9,2.9,5.6
"Tomas Hertl","24-25","VGK","C",73,1249.5,2.4,2,7.1,0,0.8,-0.9,9.5,2,-0.1,11.3,1.9,3.5
"Tomas Nosek","24-25","FLA","L",59,579.2,-0.1,0.5,0.2,-0.1,0.3,0.3,0.1,0.4,0.6,1.1,0.2,0.4
"Tomas Tatar","24-25","N.J","L",73,807.2,1.5,0.9,-0.1,0,-0.1,-0.2,1.4,0.9,-0.3,2,0.3,0.6
"Tony Deangelo","24-25","NYI","D",34,796.9,2.8,-4.7,-1.5,-0.6,0.7,-0.2,1.2,-5.2,0.4,-3.6,-0.6,-1.1
"Travis Dermott","24-25","EDM","D",10,130.8,-1.7,-1.1,0,0.1,0.1,0,-1.7,-1.1,0.1,-2.6,-0.4,-0.8
"Travis Dermott","24-25","MIN","D",9,102.4,-0.1,-0.3,0,0.1,0.2,-0.1,-0.1,-0.2,0.1,-0.3,0,-0.1
"Travis Hamonic","24-25","OTT","D",58,993.4,-9.4,-2.6,0,-0.2,1.3,-0.4,-9.4,-2.8,0.9,-11.3,-1.9,-3.5
"Travis Konecny","24-25","PHI","R",81,1669.1,1.1,-4,-0.2,0.9,1.5,-0.4,0.9,-3.1,1.1,-1.1,-0.2,-0.3
"Travis Sanheim","24-25","PHI","D",81,1987.3,2,2.1,0.7,-0.1,0.5,0.6,2.8,1.9,1.1,5.8,0.9,1.8
"Trent Frederic","24-25","BOS","C",57,788.2,-1.6,0.1,0.4,0.2,0,-1.1,-1.2,0.3,-1.1,-1.9,-0.3,-0.6
"Trevor Lewis","24-25","L.A","C",59,599.6,-4.7,0.6,0,-0.3,-0.6,-0.7,-4.7,0.3,-1.3,-5.7,-0.9,-1.8
"Trevor Moore","24-25","L.A","L",71,1198.8,4.8,-0.3,-1,1.2,0.9,-0.2,3.8,0.8,0.7,5.3,0.9,1.7
"Trevor Van Riemsdyk","24-25","WSH","D",81,1423.2,3.1,2.8,0,2.1,0.6,-0.7,3.1,4.9,0,8,1.3,2.5
"Trevor Zegras","24-25","ANA","C",56,956.5,2.6,-4.2,-1.8,0,0.7,-0.6,0.8,-4.2,0,-3.4,-0.6,-1.1
"Tristan Luneau","24-25","ANA","D",6,99.3,-0.7,-2,0,0,0,-0.1,-0.8,-2,-0.1,-2.9,-0.5,-0.9
"Troy Stecher","24-25","EDM","D",66,915.6,-3.2,-1.1,0,1.1,-0.1,-0.5,-3.2,0,-0.6,-3.8,-0.6,-1.2
"Troy Terry","24-25","ANA","R",76,1433.5,4.5,-2.6,-2,0.1,1.2,2.6,2.5,-2.5,3.8,3.8,0.6,1.2
"Ty Dellandrea","24-25","S.J","C",67,789.5,-3.8,-2,0,-0.9,-1.5,0.3,-3.8,-2.9,-1.1,-7.9,-1.3,-2.4
"Ty Emberson","24-25","EDM","D",75,1126.1,1.4,4.9,0,-0.4,1.4,0.4,1.4,4.5,1.8,7.7,1.3,2.4
"Ty Smith","24-25","CAR","D",8,109.3,0.5,0.3,-0.9,0,-0.1,-0.1,-0.4,0.3,-0.3,-0.4,-0.1,-0.1
"Tye Kartye","24-25","SEA","L",63,609.9,0.3,0.8,0,-0.3,-0.1,1.3,0.3,0.5,1.2,2,0.3,0.6
"Tyler Bertuzzi","24-25","CHI","L",82,1312.2,0.8,-1.7,3.9,0,0.8,0.4,4.7,-1.7,1.3,4.3,0.7,1.3
"Tyler Johnson","24-25","BOS","C",9,117.7,0.1,-0.1,0,0,-0.3,0.3,0.2,-0.1,0,0.1,0,0
"Tyler Kleven","24-25","OTT","D",78,1122.7,-5,4.3,0,0.4,0.6,0.5,-5,4.7,1.1,0.9,0.1,0.3
"Tyler Motte","24-25","DET","C",53,597.6,-1.4,1.9,0,1.2,0.9,0.6,-1.4,3.1,1.5,3.2,0.5,1
"Tyler Myers","24-25","VAN","D",71,1476.2,2,1.8,-1.1,0.9,-1.8,-0.9,1,2.6,-2.7,0.9,0.2,0.3
"Tyler Seguin","24-25","DAL","C",19,308.2,4.9,1.1,1.6,-0.1,0.5,-0.4,6.5,1.1,0.1,7.7,1.3,2.4
"Tyler Toffoli","24-25","S.J","C",77,1304.1,4.6,-2.4,-0.5,0,1.6,1,4.1,-2.4,2.5,4.2,0.7,1.3
"Tyler Tucker","24-25","STL","D",38,553.9,-1.6,1.7,0,0.2,-0.2,-0.5,-1.6,1.9,-0.7,-0.5,-0.1,-0.2
"Tyson Barrie","24-25","CGY","D",13,205.4,-1.7,-1.3,0.9,0,0,0,-0.7,-1.3,0,-2,-0.3,-0.6
"Tyson Foerster","24-25","PHI","R",80,1347.4,3.4,1.7,-2.9,0.7,-0.5,0.5,0.5,2.3,0,2.8,0.5,0.9
"Tyson Jost","24-25","CAR","C",37,375.7,-0.2,-0.4,0.5,0,0.1,0,0.3,-0.4,0.1,0,0,0
"Tyson Kozak","24-25","BUF","C",21,220.3,-0.4,1.3,0,-0.1,0.3,0.4,-0.4,1.2,0.7,1.4,0.2,0.5
"Urho Vaakanainen","24-25","ANA","D",5,68,-1.1,0.6,0,-0.1,0,0.1,-1.1,0.5,0.1,-0.5,-0.1,-0.2
"Urho Vaakanainen","24-25","NYR","D",45,750.4,2.4,1.1,0,-1,0.3,0.3,2.4,0,0.6,3,0.5,0.9
"Uvis Balinskis","24-25","FLA","D",76,1128.6,-2.9,1.6,0.4,0.4,0.2,1.1,-2.5,2,1.4,0.9,0.1,0.3
"Valeri Nichushkin","24-25","COL","R",43,848.8,5.3,-2.5,-0.5,-0.2,1,-0.6,4.8,-2.7,0.4,2.5,0.4,0.8
"Valtteri Puustinen","24-25","PIT","R",12,119.1,-0.9,-0.3,0.2,0,-0.1,0,-0.7,-0.3,-0.1,-1.2,-0.2,-0.4
"Vasily Podkolzin","24-25","EDM","R",81,1072.8,2.3,4.7,0,0.6,0.1,0.1,2.3,5.3,0.2,7.8,1.3,2.4
"Vasily Ponomarev","24-25","PIT","C",6,59.1,-0.8,0.3,0,-0.1,-0.1,-0.1,-0.8,0.1,-0.2,-0.8,-0.1,-0.3
"Victor Hedman","24-25","T.B","D",78,1807.2,6.8,-0.6,3.5,-1.2,0.9,-0.4,10.3,-1.8,0.5,8.9,1.5,2.8
"Victor Mancini","24-25","NYR","D",15,226.4,0,-3.2,0,-0.1,0.3,-0.2,0,-3.3,0,-3.2,-0.5,-1
"Victor Mancini","24-25","VAN","D",15,228.7,-3.1,0,0.1,0,-0.3,0.1,-3,0,-0.2,-3.2,-0.5,-1
"Victor Olofsson","24-25","VGK","L",55,797.9,4.2,4.4,2.3,0,-0.2,-0.5,6.4,4.4,-0.8,10.1,1.7,3.1
"Viktor Arvidsson","24-25","EDM","L",66,990.6,-0.9,-1.1,-1.5,0.3,0.3,-0.6,-2.4,-0.9,-0.4,-3.6,-0.6,-1.1
"Ville Heinola","24-25","WPG","D",18,255.4,-0.5,-1,0,0,0.1,0.4,-0.5,-1,0.5,-1,-0.2,-0.3
"Ville Koivunen","24-25","PIT","R",7,126.8,-2.4,-2,1.2,0,-0.1,0.1,-1.2,-2,0,-3.1,-0.5,-1
"Vince Dunn","24-25","SEA","D",62,1368.8,10.8,-6.4,1.4,0.2,1.4,0.5,12.2,-6.2,1.9,7.9,1.3,2.4
"Vincent Desharnais","24-25","PIT","D",10,144.1,-1.4,-1,0,0.1,0.1,0,-1.4,-0.9,0.1,-2.2,-0.4,-0.7
"Vincent Desharnais","24-25","S.J","D",7,124.7,-0.4,0,0,0.4,0.1,-0.1,-0.4,0.4,-0.1,-0.1,0,0
"Vincent Desharnais","24-25","VAN","D",34,543.1,-2.7,3,0,1.5,-0.8,0.1,-2.7,4.6,-0.8,1.1,0.2,0.3
"Vincent Trocheck","24-25","NYR","C",81,1714.1,6.8,-1.5,-0.2,-1.2,1,0.8,6.6,-2.7,1.8,5.7,0.9,1.8
"Vinni Lettieri","24-25","BOS","C",26,351.5,-0.8,-0.2,-0.3,0,0.1,0.1,-1.1,-0.2,0.2,-1.1,-0.2,-0.3
"Vinnie Hinostroza","24-25","MIN","C",25,344.6,1,0.5,0,0,0.3,-0.3,1,0.5,0,1.5,0.2,0.5
"Vinnie Hinostroza","24-25","NSH","C",13,150,0.2,1,0,0,-0.1,0.3,0.2,1,0.2,1.4,0.2,0.4
"Vladimir Tarasenko","24-25","DET","R",78,1152.7,3.4,-1,1.2,0,1.7,-0.1,4.6,-1,1.6,5.3,0.9,1.6
"Vladislav Gavrikov","24-25","L.A","D",81,1875,-1.5,8.7,-0.1,-0.4,1.5,-1.2,-1.6,8.2,0.3,6.9,1.1,2.2
"Vladislav Kolyachonok","24-25","PIT","D",11,158.1,-2.2,-0.7,0,0.1,-0.4,-0.2,-2.2,-0.6,-0.5,-3.3,-0.5,-1
"Vladislav Kolyachonok","24-25","UTA","D",23,283.5,0.6,-0.4,0,0,0.4,-0.3,0.6,-0.4,0.1,0.2,0,0.1
"Vladislav Namestnikov","24-25","WPG","C",77,1161.1,2.1,-0.2,2.5,-0.1,0.2,0,4.6,-0.2,0.1,4.5,0.7,1.4
"Walker Duehr","24-25","CGY","R",16,140.8,-1.3,-0.2,0,-0.1,0.3,-0.3,-1.3,-0.3,0,-1.6,-0.3,-0.5
"Walker Duehr","24-25","S.J","R",8,70.5,0.2,-0.3,0,0,0.1,-0.1,0.2,-0.3,0,0,0,0
"Warren Foegele","24-25","L.A","L",81,1311.4,8.8,3.1,-0.7,2.4,0.5,0.4,8.1,5.4,0.9,14.3,2.4,4.5
"Will Cuylle","24-25","NYR","L",81,1222.2,9.5,-2.3,-0.6,0.2,0.3,-1.3,8.9,-2.1,-1,5.8,0.9,1.8
"Will Smith","24-25","S.J","C",73,1154.3,8.9,-6.6,-1,0,0,-1.2,7.9,-6.6,-1.2,0.1,0,0
"William Borgen","24-25","NYR","D",50,913.1,1.1,0.8,-0.1,0.1,0.6,0.2,1,0.9,0.8,2.8,0.5,0.9
"William Borgen","24-25","SEA","D",33,501.7,-3.2,-0.6,0,-1.8,0.8,0.2,-3.2,-2.5,1,-4.6,-0.8,-1.4
"William Carrier","24-25","CAR","L",41,474.2,1.3,0.6,0,0.2,-0.4,0,1.3,0.8,-0.4,1.8,0.3,0.5
"William Eklund","24-25","S.J","L",76,1487.3,7.4,1,0.4,0.1,1.9,1.2,7.8,1.1,3.1,12,2,3.7
"William Karlsson","24-25","VGK","C",52,886.3,-0.8,2.2,-0.6,1,1.5,-0.1,-1.4,3.2,1.4,3.2,0.5,1
"William Lagesson","24-25","DET","D",5,71.6,-1,-0.7,0,0,0,0.1,-1,-0.7,0.1,-1.6,-0.3,-0.5
"William Nylander","24-25","TOR","R",81,1583.2,10.4,-3.6,2.7,0,1.3,-0.6,13.1,-3.6,0.8,10.3,1.7,3.2
"Wyatt Johnston","24-25","DAL","C",81,1532,8.2,-0.5,4.5,1.5,1.9,-0.4,12.8,0.9,1.5,15.2,2.5,4.7
"Wyatt Kaiser","24-25","CHI","D",57,1032.6,-0.3,1.7,0,1,0.7,0.7,-0.3,2.7,1.4,3.7,0.6,1.2
"Yakov Trenin","24-25","MIN","C",76,951.2,1.6,0.2,0,1,-0.1,0.4,1.6,1.2,0.3,3.1,0.5,1
"Yanni Gourde","24-25","SEA","C",36,557.8,2.5,2.2,0.1,-0.8,-0.2,0.1,2.6,1.4,-0.1,3.9,0.6,1.2
"Yanni Gourde","24-25","T.B","C",20,337.5,2.6,-0.2,0,-0.1,0.1,-0.4,2.6,-0.3,-0.3,2,0.3,0.6
"Yegor Chinakhov","24-25","CBJ","R",30,471.7,-0.8,-0.5,-0.5,0,0.6,-0.2,-1.3,-0.5,0.4,-1.4,-0.2,-0.4
"Yegor Sharangovich","24-25","CGY","C",72,1200.6,-2.5,-0.3,1.5,0.6,1.7,-1.3,-1.1,0.3,0.4,-0.3,-0.1,-0.1
"Zac Jones","24-25","NYR","D",45,775.2,-5.9,-1.8,-2,0,-0.6,0,-7.8,-1.8,-0.6,-10.2,-1.7,-3.2
"Zach Aston-Reese","24-25","CBJ","C",79,1062.1,-1.9,0.8,-0.1,-1.4,0.7,-0.2,-2,-0.7,0.4,-2.2,-0.4,-0.7
"Zach Benson","24-25","BUF","L",74,1093.1,4.2,5.3,-0.5,1,-0.6,1.5,3.7,6.3,0.9,10.9,1.8,3.4
"Zach Bogosian","24-25","MIN","D",81,1280.4,-1.2,-2.4,0,1.6,-0.6,-0.9,-1.2,-0.8,-1.4,-3.4,-0.6,-1.1
"Zach Hyman","24-25","EDM","L",73,1378.2,8.8,2.2,2.8,0,0.2,0.5,11.6,2.2,0.7,14.5,2.4,4.5
"Zach Werenski","24-25","CBJ","D",80,2142.9,6.1,0.3,2.5,-0.2,2.4,0.3,8.6,0.1,2.7,11.4,1.9,3.5
"Zach Whitecloud","24-25","VGK","D",74,1295.6,-3.6,4.1,0,1.4,0.9,0.2,-3.6,5.6,1.1,3.1,0.5,1
"Zachary Bolduc","24-25","STL","C/R",72,922.3,8.2,3.7,2.8,0,0,0.1,10.9,3.7,0.1,14.7,2.4,4.6
"Zachary L'Heureux","24-25","NSH","L",61,733.9,5.2,0.5,0.6,1.4,0.2,-0.1,5.8,1.9,0.1,7.7,1.3,2.4
"Zack MacEwen","24-25","OTT","R",21,163,-0.2,0.3,0,0,-0.3,0.2,-0.2,0.3,0,0.2,0,0.1
"Zack Ostapchuk","24-25","OTT","C",43,401.3,-2.8,-1,0,0.1,0.1,0.2,-2.9,-0.9,0.3,-3.4,-0.6,-1.1
"Zack Ostapchuk","24-25","S.J","C",13,126.2,-0.3,1.4,0,0.2,0.1,-0.2,-0.3,1.5,-0.2,1,0.2,0.3
"Zemgus Girgensons","24-25","T.B","C",81,938.2,-7.7,5.3,0,1.8,0.9,1,-7.7,7,1.9,1.2,0.2,0.4
